Store ID,Province,City,Start Date,Owner ID,Sales (Last 3 Months),Store Level,Health Score,Financial Products,Under Monitoring
26673443,District 17,City 37,2019-12-29,773070000443192337,299911,F,79.73762200769828,True,False
95303261,District 2,City 17,2021-01-11,998103799719292583,300201,E,80.76243933812694,True,False
76538495,District 29,City 34,2021-01-06,172052123459167824,299898,E,87.7048120793199,True,False
17163334,District 25,City 45,2021-08-09,306711166828474249,299889,D,70.82267078369438,True,False
82320536,District 25,City 10,2021-10-23,818531824026478389,299051,F,88.70921368170849,True,False
32657198,District 25,City 24,2021-02-02,484834182912325360,300318,F,74.68209767858046,True,False
88865897,District 34,City 6,2019-01-06,664770876861206952,299735,C,75.21142180122534,True,False
22762317,District 4,City 25,2019-01-11,839110911482994366,300672,C,93.29955547400384,False,True
48515689,District 19,City 22,2020-12-08,445986802867355765,300466,C,77.11242945979365,False,False
53951061,District 8,City 29,2019-07-20,117742020552747232,300795,B,79.93057008289907,True,False
17410771,District 25,City 12,2021-08-31,331334901992116548,300705,B,92.0468802638654,True,False
85136499,District 17,City 50,2021-01-14,680267668479907147,299544,F,81.98534979890063,False,False
25716177,District 23,City 34,2019-09-27,597566381244718442,300799,A,77.85028035579488,True,False
33577864,District 33,City 30,2020-06-03,718935187210365780,299683,E,81.35564828283826,False,False
44477535,District 35,City 9,2019-08-27,654477983562540100,299500,E,95.33131037879569,True,False
26303099,District 2,City 34,2020-09-11,258984249541946759,300983,D,76.32299090409713,True,False
77552882,District 23,City 45,2020-04-22,264563096444885238,300199,B,83.73885601573507,False,False
29061202,District 19,City 60,2021-08-29,786862001961806790,300228,E,87.50766600348646,True,False
34005263,District 24,City 30,2020-03-20,822271889263297713,299585,E,88.248746414782,True,False
34344487,District 29,City 35,2020-01-30,394116623053376708,299641,E,61.69950747351375,True,True
84397415,District 7,City 30,2019-08-06,771378579597261586,299264,D,68.44568889297152,False,False
76318398,District 13,City 19,2021-05-07,571079245832851366,299025,E,89.22093514569227,True,False
16943192,District 1,City 45,2021-10-11,281915791425271684,299799,F,91.01243007252688,True,False
56683893,District 5,City 37,2020-01-14,530602840346996643,300441,B,88.40322702746336,True,False
42449760,District 7,City 15,2019-11-09,648987661491963954,301213,E,74.22929368150746,True,False
44431660,District 34,City 8,2021-11-25,634045114883085707,299442,E,84.8725414582086,True,False
76827393,District 2,City 59,2020-04-02,802850475848609514,300116,F,82.51146069829956,False,False
97337833,District 21,City 15,2020-07-22,262118566092539743,299876,B,70.46731543452255,False,False
38652182,District 5,City 48,2019-03-28,779335584884560284,298921,F,76.73206286007287,True,False
58053839,District 16,City 10,2020-08-22,523078183046628224,300060,E,98.05190662053283,False,False
23148795,District 6,City 59,2019-11-04,776417476356090997,299970,F,70.67666775959655,True,False
26943715,District 20,City 45,2021-05-06,602588616699047548,300599,D,92.30239629149649,False,False
72785328,District 20,City 21,2021-11-09,932966850035969671,299938,F,74.90757363775504,False,False
72432504,District 3,City 25,2021-12-24,161988925818234312,299501,C,70.4535222572642,True,False
20764389,District 5,City 10,2021-08-09,648931971084158380,300173,E,75.48161974973289,True,False
73570832,District 24,City 53,2019-09-10,619317621737761270,299926,E,71.75950491302538,True,False
58097627,District 33,City 11,2021-11-29,560732456267378648,300497,D,86.11523622684065,True,False
90493360,District 15,City 24,2019-05-03,973244445826056095,299715,D,64.9109992873285,True,False
92725731,District 7,City 11,2020-01-11,828233049039565413,300603,D,91.20658320211513,True,False
14399623,District 17,City 45,2021-03-17,876719387662607498,299720,F,83.09703305322223,True,False
84758623,District 17,City 30,2021-05-11,189797914859739009,300024,D,73.49503944684659,True,False
18213427,District 25,City 53,2020-02-07,496293844368353568,299713,C,76.42420762307621,True,False
95398397,District 16,City 9,2019-10-13,848237567927991016,299857,A,86.18472944126688,True,False
12124965,District 7,City 34,2020-05-31,360831712218338355,300144,E,80.67210918780776,True,False
54797533,District 28,City 9,2021-07-17,584697853229379320,299945,D,96.29083164389496,True,False
18033022,District 7,City 1,2019-11-11,751181111498618384,299744,D,73.51941379090114,False,False
27029298,District 23,City 29,2021-01-23,975244648776100939,300510,A,83.04202290650615,False,False
12355518,District 30,City 56,2020-03-03,394229278347607832,300063,C,82.16705387736404,True,False
94334780,District 34,City 15,2019-12-14,151590999277648129,300011,D,77.68757997662097,True,False
98114478,District 30,City 54,2019-06-20,896125215048580497,299552,A,53.9057493508831,True,False
37411863,District 3,City 30,2020-02-10,272661868241241836,299419,F,75.98898952279691,True,False
64204942,District 13,City 8,2020-02-10,461156907884952615,300003,B,83.1163481353915,False,False
85219850,District 13,City 34,2021-06-08,340321779911504333,300882,C,77.46796746761144,True,False
49495868,District 25,City 25,2020-05-11,787942592678849986,300682,F,68.09395587843493,True,False
80910643,District 12,City 59,2019-05-14,717369315213092891,299836,F,84.04501126263658,False,False
74062281,District 7,City 53,2019-10-11,875977544901967653,299521,F,80.79098550202616,True,False
88624312,District 29,City 18,2019-03-25,454819504907739481,300061,F,94.94982706979128,False,False
11676399,District 4,City 55,2021-06-23,604025980911532227,300093,D,66.95682662562129,True,False
81205333,District 7,City 53,2021-03-22,920595895537998895,300066,F,67.85944209104878,True,False
69755874,District 33,City 34,2020-01-26,252922973863350144,300433,B,79.42007260780218,False,False
39758387,District 7,City 47,2020-10-28,346030943511034128,300484,E,79.64570323750766,False,False
86495160,District 34,City 55,2021-08-04,603307023714168330,299665,F,75.03130600463446,True,False
60136468,District 8,City 15,2020-03-09,484774877490966528,300103,D,79.04067610823732,True,False
20590594,District 7,City 37,2019-04-01,663414797661983811,299499,E,82.60773287660936,True,False
92905368,District 8,City 15,2021-01-09,753936589424123157,300847,D,78.6662810937944,True,False
95791930,District 2,City 13,2020-07-29,597986192799787288,299694,C,80.23993454225595,True,False
83581850,District 20,City 34,2019-09-01,354286909289155104,301033,D,68.13418821847785,True,False
37452352,District 7,City 7,2019-09-03,260593724878938482,299755,D,89.73809595356609,True,False
18983123,District 2,City 14,2021-07-16,314422340430180687,300218,C,78.25477918603966,False,False
46697665,District 7,City 48,2021-02-02,188019979928378866,301331,E,79.36681974855424,True,False
23891537,District 25,City 58,2020-06-18,292450660512751829,299775,E,73.66968201764168,True,False
24941220,District 25,City 22,2020-06-19,862405987649948864,299523,E,93.00536048665919,True,False
31101398,District 19,City 10,2020-07-16,321715440836685981,300431,E,71.66833500638776,False,False
50069850,District 34,City 20,2019-02-15,443679650890071471,299121,D,85.2850746591243,True,False
67220862,District 33,City 10,2019-12-06,493232315021579701,300489,C,96.63351965476996,True,False
24170305,District 16,City 34,2019-04-19,907573294598891973,300292,E,77.46958843856022,True,False
53817756,District 7,City 52,2021-08-17,316354021324151083,299679,F,85.22378402072829,True,False
62181816,District 7,City 25,2020-12-11,284205369403751064,300084,F,90.6051242215171,True,False
66505650,District 33,City 9,2020-08-14,387471311565607298,300842,F,73.10588820754909,True,False
22047065,District 34,City 34,2020-12-17,836410724802705727,299474,C,82.08225844065805,True,False
99020990,District 7,City 45,2019-10-27,131779522565982372,300250,F,71.06091720779496,False,False
75416074,District 5,City 29,2020-01-19,396717357110370523,300074,F,88.69668191599267,True,False
48027129,District 24,City 7,2019-09-01,429383705006284170,299147,E,79.25033029336174,False,False
93339913,District 19,City 52,2019-08-03,777221631360162007,300288,C,100.0,True,False
33634167,District 2,City 20,2019-01-19,523465374830846051,300616,D,85.72067211032768,False,False
44515874,District 34,City 19,2019-05-17,991143180089402060,300183,F,67.97726793420367,False,False
29037580,District 2,City 32,2021-09-23,565508938794157711,299574,E,75.64533963614728,False,False
63926706,District 21,City 20,2019-05-09,720017840284263629,299124,D,80.6067809072339,False,False
58904760,District 34,City 22,2020-09-23,314505506817645931,299834,E,90.1167064624599,True,False
71712481,District 16,City 48,2021-02-07,669022244858798937,299679,D,67.9844700968194,True,False
71772620,District 33,City 37,2019-12-11,588569016941626145,300138,F,78.38265615256229,True,False
50336484,District 33,City 19,2021-04-05,571702612296178383,300515,D,70.91959594460282,True,False
97516329,District 19,City 22,2021-09-15,748344585787670894,299808,D,63.552255664105196,True,False
12682208,District 23,City 15,2020-07-10,600431233365200456,300146,D,96.84510486952024,False,False
73304856,District 24,City 20,2020-05-17,336851104648926793,300009,C,88.64895952918027,False,False
38468359,District 34,City 19,2021-06-19,559277412728740210,299514,F,91.86163398445841,True,False
62675734,District 3,City 47,2021-10-24,892406459544386536,300458,D,87.64452939275803,True,False
32244995,District 13,City 15,2020-02-02,357882948351880024,300357,E,92.91145423764947,True,False
63858217,District 24,City 12,2019-06-10,492362718731882152,298913,F,86.80451035939528,True,False
32085766,District 15,City 60,2019-07-17,830280616038619296,300088,D,82.95805903040134,True,False
42106448,District 34,City 20,2020-12-10,365781495793555400,300223,F,82.30173835024783,True,False
69905068,District 16,City 47,2021-05-03,520058226596781200,300494,F,82.86189832696014,True,False
74651318,District 7,City 45,2021-05-03,648382986111025999,299967,C,88.10920776639881,True,False
17982009,District 23,City 2,2020-10-05,325221246264946735,299700,F,74.56805102255055,True,False
85443894,District 19,City 47,2019-10-17,166181116959123007,301185,B,65.00711815629283,True,False
56455679,District 13,City 32,2021-07-03,299742945476225824,299861,F,88.916642875996,True,False
15235517,District 17,City 12,2021-04-06,147848912353279574,299556,D,75.96105548737984,True,False
79563744,District 25,City 9,2020-09-23,599181136456650813,299751,E,98.62441464732436,True,False
64290747,District 23,City 13,2019-10-08,382293117644541733,299611,F,96.61515143769445,True,False
40549332,District 8,City 59,2019-10-12,186987250226037310,299764,F,72.3504782484317,False,False
98415441,District 34,City 17,2020-02-15,161343512112853270,300967,C,96.68152483892027,True,False
55622514,District 30,City 35,2021-03-26,572511789211285636,299259,E,92.1483375038152,True,False
47469619,District 18,City 9,2021-09-18,324080955761898571,300309,C,70.56568160802746,True,False
12350425,District 19,City 37,2019-01-10,302985771552735214,299458,D,69.51249386675991,True,False
27015309,District 33,City 7,2019-03-02,742845909529051585,300326,E,87.64021689746431,False,False
81181292,District 7,City 17,2020-12-21,574985367933976258,299569,D,84.59781368480205,False,False
20572519,District 2,City 11,2020-08-08,215738408829346922,300047,E,67.81088808496165,True,False
47165635,District 2,City 47,2020-07-02,875742313858144025,299955,C,90.2487752294914,True,False
52782066,District 33,City 39,2019-10-08,160629137294562901,300430,E,88.10244489521916,False,False
82726723,District 13,City 24,2020-08-30,146919105426695392,298979,B,74.31736721620432,True,True
37057940,District 19,City 40,2021-03-11,985889553727183013,300085,B,86.09981274660144,False,False
82459413,District 9,City 15,2019-09-25,589386685129396847,300236,A,100.0,True,False
18505471,District 21,City 16,2020-06-03,585509750033868705,300355,E,82.82473435987737,False,False
97944177,District 19,City 28,2019-01-28,140496416881928147,299169,B,73.41514817240352,True,False
10724923,District 23,City 17,2020-03-31,367371887311693912,300679,F,71.28562287180532,True,False
84205864,District 27,City 30,2019-09-03,973724589519709764,299344,F,84.34701150234798,False,False
83695953,District 3,City 7,2019-10-19,330287861944680313,299785,B,91.49690129807743,True,False
82496207,District 27,City 18,2019-04-25,610510760928966942,300066,E,82.11472353477137,False,False
51657258,District 21,City 14,2021-06-04,265263460399264503,299705,D,64.05130662566063,True,False
47446651,District 4,City 34,2020-03-22,662543860109078776,299744,E,91.57440298181851,False,False
15492750,District 29,City 10,2021-02-16,722568748807934820,300406,B,73.51839330041541,True,False
58242093,District 28,City 60,2019-08-12,879190740227176890,299886,D,72.02398971871195,True,False
14986809,District 4,City 9,2019-01-30,266578829876150152,299921,E,88.77546896962421,True,False
54076239,District 4,City 45,2019-08-11,888180294138774808,300113,E,87.7376808301219,True,False
24710093,District 24,City 29,2019-01-22,877655136490049486,299763,E,71.67792159002741,False,False
28909388,District 7,City 16,2021-07-17,123071590241995753,299577,A,70.80581243725419,False,False
32492047,District 7,City 12,2019-02-22,993238961309051956,300845,C,74.2976485466954,False,False
65375319,District 7,City 9,2021-08-15,799062556681354845,299935,B,93.85506576110076,True,False
34300456,District 33,City 56,2020-07-09,707794471316376395,300361,C,81.60899393622604,True,False
25141045,District 27,City 12,2021-04-15,299901755796549754,300076,B,83.87803219314236,True,False
97848905,District 21,City 5,2020-02-06,198760066978096992,299333,F,82.8969415629714,True,False
71168925,District 14,City 15,2020-08-23,217849597406342882,299951,E,72.60528570585902,True,False
61104034,District 13,City 32,2020-06-14,847059713488401521,299924,C,92.79078243694255,True,False
56399287,District 33,City 15,2020-11-25,339501143822404619,299666,D,76.04283494064582,True,False
44833391,District 5,City 25,2021-02-20,612150475618082199,299864,C,79.59646127054289,True,False
84512360,District 2,City 30,2019-05-06,252504779099802600,300110,D,89.78499781658438,False,False
46701766,District 19,City 54,2020-05-13,235042583150908929,299717,D,84.42960785362017,True,False
12148878,District 24,City 19,2020-06-13,966258144703957137,299727,C,91.82079999074965,False,False
27835864,District 8,City 32,2021-04-12,673044708338082292,299831,A,64.63934383194896,True,False
27357346,District 3,City 52,2020-06-18,884929023377327034,299451,C,71.95825021896744,False,True
50436242,District 7,City 59,2021-08-23,915441089262352635,300898,E,69.20307946939806,False,False
61535048,District 34,City 20,2021-06-06,698770963637248093,299931,D,81.45539911753743,True,False
37088980,District 27,City 12,2019-11-22,284643947907829658,299634,C,57.453970804500585,True,False
19878714,District 33,City 10,2021-02-25,630653728671172507,300582,E,72.19652236417906,True,False
70136002,District 7,City 24,2020-02-25,766901534165400307,300042,E,54.057593921610504,True,False
49928207,District 34,City 37,2020-11-30,234066200824052142,300008,C,78.24691362705063,True,False
76718728,District 34,City 12,2019-10-25,801094068421105847,298692,C,74.54854072945243,False,False
51246751,District 34,City 29,2019-06-30,398992067432904127,300147,F,82.97437237889281,True,False
64143619,District 19,City 56,2020-08-20,846762464661902849,299706,E,85.91758283867628,True,False
33671715,District 7,City 34,2019-06-08,826463522158673323,299645,F,72.99592352271141,True,False
82284937,District 13,City 16,2021-10-10,479264611476083232,300110,F,62.74561148366212,True,False
83588873,District 8,City 55,2020-05-12,206602224023873107,300249,F,87.07381585637556,True,False
11156232,District 33,City 32,2020-02-26,375646282589460755,301022,D,76.97954419436097,False,False
89283053,District 33,City 39,2021-03-10,247017378626179788,299133,F,71.42234988937588,True,False
55443535,District 30,City 34,2020-10-18,723922769713628917,300166,E,91.34691184378026,False,False
61330151,District 7,City 53,2021-09-26,323434350268829625,300799,E,79.08802923160852,False,False
87972940,District 13,City 30,2020-12-30,105581732681201447,299772,B,80.23880970137063,True,False
88940887,District 34,City 53,2021-10-07,858867042042523315,298368,E,89.68819890803148,False,False
41200793,District 20,City 10,2019-12-14,303910265647534495,299766,F,88.73903462638856,True,False
55272535,District 27,City 24,2020-10-04,555687335744412903,299698,F,86.92733062390737,False,False
64750624,District 25,City 45,2019-01-01,562051333950118719,299812,B,68.71883966320424,False,False
93572436,District 32,City 8,2020-06-19,811691131404990890,300097,D,91.64444769593638,False,False
55723827,District 7,City 22,2020-10-13,699533661144340406,300297,E,99.75246323330062,False,False
20765798,District 6,City 8,2021-12-26,721243436015452072,300184,F,80.84497377248799,False,False
45750861,District 24,City 8,2019-03-30,361851076979989458,299834,A,77.45170835926675,True,False
39669419,District 35,City 12,2021-06-17,151662229292427170,298381,B,83.48245865502417,True,False
75025273,District 28,City 47,2019-07-11,714049768419823948,300241,F,85.27185892878867,True,True
75776504,District 24,City 12,2020-05-12,552832545476728519,300880,F,81.78116788795298,True,False
63066768,District 2,City 24,2021-07-26,663983654492749538,298865,C,76.80348726462552,True,False
69482203,District 31,City 55,2021-06-09,571638457676963006,300151,B,70.97020150214169,False,False
38225665,District 3,City 21,2021-05-22,519167266635779187,300616,E,73.77439621472952,True,False
63935366,District 6,City 22,2021-10-28,605246039059376676,300026,D,72.30529129481114,True,False
74551099,District 23,City 59,2021-11-27,712809028951558868,299640,D,71.44935887740627,True,False
59843403,District 8,City 30,2019-10-21,751778554768834010,300087,F,77.05590904697934,True,False
23214347,District 17,City 10,2020-02-08,992986447382054698,299615,F,81.20180766571247,False,False
93645047,District 34,City 37,2020-05-06,222371332882852498,299359,F,75.5675112956687,False,False
10613405,District 7,City 7,2021-08-20,410164651780042441,299476,E,91.84428944570811,False,False
88620024,District 17,City 57,2020-07-02,467416497025356430,299987,D,93.82607208260693,True,False
66537399,District 8,City 25,2021-05-21,199363737373970430,300026,C,85.78717548150206,True,False
30972917,District 8,City 58,2020-03-09,109870702619336074,300201,E,77.59631807840994,False,False
41259417,District 20,City 53,2020-07-19,378170342820978591,300318,F,71.857937506099,True,False
27044232,District 8,City 56,2020-05-29,479979172345154911,299843,E,84.51909292578287,True,False
38293847,District 4,City 32,2019-07-06,677978407917108045,300434,B,90.57061650201624,True,False
54475184,District 13,City 11,2020-11-02,560849803621078854,299836,B,74.0619209397813,True,False
97186654,District 24,City 29,2020-08-27,874048007199436748,300228,E,71.47560570224195,True,False
38709685,District 28,City 54,2019-09-27,830247242834116525,300271,A,72.08421650076885,False,False
64485259,District 4,City 22,2020-04-01,819372130988751670,299432,E,92.65445410306481,False,False
22074402,District 7,City 10,2021-09-06,782243319998299835,300464,C,83.26457175675513,True,False
94672696,District 4,City 2,2020-08-11,245562083633287328,300503,A,88.901636398378,True,False
46340971,District 8,City 47,2021-08-04,826220099143542004,301220,F,71.29001737938438,True,False
30888375,District 16,City 47,2020-10-31,939493643944704853,300352,E,68.0623800098616,True,False
82402795,District 8,City 17,2019-09-20,708587955146504547,299335,D,89.36663298119211,True,False
89739273,District 23,City 13,2019-10-29,672630482932222269,299525,C,81.55007301863263,True,False
33591384,District 7,City 35,2019-09-20,245177705244691961,299256,F,67.18158116308639,True,False
31548003,District 7,City 17,2020-03-31,193784250677493445,299937,C,76.86945233003904,True,False
43958220,District 19,City 32,2021-11-08,950727769737844686,300229,B,85.11832733093362,True,False
89032358,District 2,City 58,2019-07-29,343352545779717862,299983,D,73.96756971709867,True,False
36904566,District 29,City 29,2019-08-12,957400566436976033,299768,C,76.99202997879306,False,False
79989078,District 3,City 12,2020-06-02,743059114660079071,299002,C,85.75803657912924,True,False
21948069,District 24,City 47,2020-07-23,381907483692978398,300004,F,85.00148229153864,True,False
15637494,District 11,City 17,2019-08-16,245427660267676087,299907,F,83.7846224254845,True,False
41343717,District 23,City 34,2020-01-16,367959835047225034,299919,E,71.5831796216848,True,False
40627072,District 13,City 45,2020-09-15,181268363891749050,299350,F,74.0641927965394,True,False
36378216,District 25,City 37,2020-09-23,502197765937367197,300369,E,63.067576639940604,True,True
81019844,District 1,City 22,2021-05-02,800689201290094679,300036,E,86.19233887584969,False,False
26680533,District 3,City 45,2021-02-17,646861001908300788,300767,A,84.7233422948963,True,False
66023591,District 28,City 30,2019-08-22,106030434582599030,299970,C,88.6005179285794,True,False
84936313,District 7,City 7,2020-11-20,595450759189207004,300541,C,88.56881329985265,True,False
75900079,District 3,City 37,2019-09-17,734826108122774740,299180,F,81.93149745392775,True,False
76535943,District 2,City 26,2019-11-27,751883464684498234,300001,F,79.42166746278964,True,False
37801311,District 29,City 32,2019-04-20,133372011585833093,299290,B,86.49380388120436,True,False
17960027,District 9,City 22,2021-06-23,395328831765422666,299263,F,67.10097907009867,True,False
42489615,District 2,City 29,2021-07-11,714709611087751940,300089,E,86.55896081051985,True,False
52635873,District 33,City 15,2021-03-01,277823818802004046,298993,E,73.5790383633839,True,False
30838565,District 6,City 35,2020-03-30,330528506519061998,300525,D,78.1356204072065,True,False
87747605,District 7,City 35,2019-07-10,489644542701278782,300327,B,89.78976671321315,False,False
59734236,District 2,City 34,2020-02-04,502986068367216947,300122,D,83.58955924107907,True,False
31841055,District 23,City 22,2021-06-29,827914657155243275,300183,E,64.75417553133232,False,False
66331825,District 14,City 12,2021-06-21,171636478843815449,299385,F,79.28999894626112,True,False
74533575,District 7,City 34,2019-05-29,446783061649601450,300178,C,89.94573952704751,True,False
81237813,District 23,City 47,2021-12-17,719785848434926931,299672,F,74.53161003181802,False,False
51744284,District 21,City 23,2019-03-27,496168618401754987,300585,C,73.39205700190314,True,False
14125575,District 23,City 30,2020-09-20,862445736765629662,300309,E,72.22000062316062,False,False
56231506,District 4,City 24,2021-10-30,308464964800527259,300931,C,80.7449831086757,True,False
84570850,District 3,City 52,2021-12-19,515391859510841195,300677,E,76.330053717205,True,False
88616676,District 1,City 7,2020-09-19,934030132747736135,300142,F,97.42367344332092,True,False
25112021,District 21,City 47,2021-05-19,941656051993160115,299170,F,82.89989562894694,True,False
42768351,District 33,City 17,2019-07-09,857270928739442746,300115,D,81.33203149994117,True,False
53593842,District 15,City 10,2021-11-28,726631422586029529,299416,D,78.26462657008015,True,False
55475062,District 4,City 7,2020-01-07,656010920315540130,299775,F,79.16131712019747,False,False
52984546,District 6,City 45,2019-02-02,347894576508993765,300825,F,71.77897612997054,False,True
69693479,District 34,City 24,2020-04-14,851504358795324452,300073,E,84.49410116023044,True,False
66160057,District 25,City 12,2020-09-09,638201287579662702,299663,F,81.34397768988948,True,False
19893255,District 17,City 45,2019-08-27,971072630934777672,300473,F,74.77484275042012,False,False
70726755,District 7,City 47,2019-02-10,956909311930773433,299928,F,84.34544830141229,True,True
19777168,District 7,City 55,2021-10-02,939288228793946478,298526,E,78.79176034553066,True,False
88201528,District 3,City 32,2020-09-16,217238005301839026,299113,C,89.847727678351,True,False
23353143,District 4,City 52,2019-04-26,793053290154572724,300046,F,81.12449657795511,True,False
54632863,District 11,City 34,2019-02-01,651586748470451355,300787,F,94.33310844747972,True,False
95387450,District 16,City 47,2021-03-29,549017924243941704,300577,B,81.94693717358344,True,False
58183844,District 7,City 8,2020-03-27,839969222192143726,299954,E,69.30345659257789,True,False
84757765,District 19,City 32,2019-08-20,655401304752939915,299626,D,82.24376596152875,True,True
35163162,District 2,City 47,2019-11-02,727296932132307392,300276,E,70.59088727640636,True,False
13710453,District 25,City 53,2020-04-06,894269097802080357,300358,E,90.96370569133825,False,False
45854147,District 29,City 12,2021-01-01,290186255846148882,299569,E,79.02722778721869,True,False
89026870,District 33,City 29,2020-08-06,838887886422927934,300525,E,80.81486736469144,True,False
38930857,District 17,City 9,2021-12-16,753958732915328546,300137,E,79.1281812107748,False,False
14628169,District 8,City 53,2020-04-22,461438903066284242,299664,F,81.55644454509212,True,False
96449876,District 34,City 10,2019-12-24,170918026975529458,299842,F,82.08150917539338,True,False
65446164,District 8,City 38,2019-12-17,740572903136494220,300701,C,75.78300419977666,False,False
51323375,District 7,City 30,2021-03-02,461153313002041341,300791,F,84.40321665079686,True,False
53037307,District 27,City 29,2019-12-03,330381035456059638,300295,C,68.24440591075401,True,False
63185042,District 23,City 12,2020-10-31,167975727769443827,299002,F,89.07919327658489,False,False
71456262,District 34,City 10,2021-07-10,262854812975786087,300174,C,81.43708761938932,True,False
45209714,District 17,City 22,2020-09-12,564576084865519781,300218,C,78.6725759376247,True,True
14983615,District 3,City 35,2021-04-07,137789801980971081,299348,D,76.85490858421984,True,False
57618945,District 5,City 30,2019-05-30,748964000153798447,299363,E,65.22766025815686,True,False
58355760,District 34,City 55,2020-10-08,404177020849941076,300111,E,68.49102762816776,True,False
31648489,District 19,City 23,2019-03-01,604834071764775619,300693,D,79.73928914072337,True,True
75838809,District 17,City 39,2020-01-27,852570820952305440,299218,F,61.61582751383436,False,False
17648709,District 17,City 24,2019-12-18,524262859739767672,300217,E,81.78616879905368,False,False
67468345,District 27,City 11,2021-05-18,839008533793952053,299352,C,84.64251938302002,True,False
54480330,District 7,City 45,2021-10-11,961616482209598151,300228,F,93.58422092118249,True,False
28327936,District 27,City 11,2021-02-09,972956841023875945,299653,E,94.86490528620453,True,False
98599022,District 24,City 55,2020-10-24,834415876588439064,299162,D,62.146896070146276,True,False
36707237,District 16,City 25,2021-03-07,107160671199843031,299998,D,76.83544760602832,True,False
62235449,District 5,City 7,2019-01-06,797994987415317811,299963,D,74.20456968839014,True,False
44302968,District 7,City 17,2020-08-12,287699667785069349,300709,E,91.01121901629833,False,False
57016506,District 24,City 29,2021-07-31,835119309136529558,299822,E,75.37425416887261,False,False
71114263,District 4,City 23,2021-04-16,565147388732687527,299290,D,80.3756427530336,True,False
63290949,District 6,City 29,2019-03-27,621616935072138244,298497,E,100.0,True,True
90521025,District 27,City 6,2019-10-25,680879014211571961,300017,F,64.30087053235974,True,False
18953598,District 21,City 16,2019-04-21,723619611553978923,299668,C,93.10896589244064,True,False
32626327,District 11,City 15,2020-11-29,868170522337134761,300386,D,92.18537840431863,False,False
40029891,District 23,City 22,2019-05-02,138170065214174539,300690,F,77.74190014091658,True,False
56429917,District 34,City 22,2021-11-27,570919159305385872,299625,B,60.06019452446141,True,False
51897146,District 14,City 9,2021-11-09,749824869089007526,300731,A,94.99365616646405,True,False
80998622,District 22,City 12,2020-05-05,768087774894963043,300503,B,88.46160571312649,True,True
58314184,District 27,City 45,2021-11-09,535629456599153449,300161,F,74.56165380095632,False,False
64805588,District 17,City 45,2020-04-19,271044670207074135,300590,E,78.31013551781537,True,False
16077240,District 34,City 17,2019-02-12,599048216719210019,299764,F,91.10249913315812,False,False
98501149,District 4,City 57,2021-11-25,348355966366122590,299951,B,83.19241916863312,True,False
47275057,District 24,City 55,2019-08-16,750114973773322392,299382,F,75.65483268345398,True,False
92552267,District 21,City 12,2020-07-08,987035090156923671,299045,C,68.90040320154586,True,False
16341079,District 17,City 28,2020-03-09,107142714198133688,299913,C,90.87437191678484,False,False
25487006,District 8,City 10,2019-09-02,876885170173133015,299603,F,77.54240966180109,False,False
77779732,District 3,City 15,2019-10-23,172800363880462909,299133,E,84.45363927051504,True,False
14457667,District 8,City 7,2021-11-22,862970746136503041,300032,C,83.30047337971872,True,False
62349836,District 3,City 15,2019-05-05,146953286363002535,299972,E,91.54122487657116,True,False
97337659,District 19,City 55,2019-12-05,270580221420884139,300123,F,71.51991390217088,True,False
11380555,District 13,City 17,2019-04-03,159707042006914450,299610,D,71.85004157397094,True,False
24473734,District 20,City 49,2020-09-28,895624613446699649,300573,E,86.71931998829814,False,False
89246055,District 24,City 28,2021-01-31,289910119362669877,300359,C,86.09349075622875,True,False
88598474,District 8,City 24,2019-09-24,452673971473873336,300568,D,85.68821188705914,False,False
31700054,District 7,City 60,2019-06-05,405996022340540032,299426,D,93.78466285465724,True,False
70894410,District 19,City 28,2019-12-11,953837300285345945,299597,E,74.4342881871736,False,False
98675673,District 7,City 52,2019-08-23,126181072751788599,299682,E,80.45707990977465,False,False
78490093,District 3,City 38,2019-05-05,187858407302341606,300067,B,82.35737352643548,False,False
81072812,District 3,City 16,2021-08-10,566908741083387434,300222,D,76.11510685599507,True,False
27776955,District 34,City 15,2021-05-21,193762074479353267,299328,E,73.10383332408651,True,False
74643733,District 8,City 53,2021-07-06,477220770387660876,300196,A,92.531303096428,True,False
12177097,District 34,City 49,2021-06-24,203422141196786382,300262,E,71.19949292336005,False,False
29244146,District 11,City 9,2021-09-26,765185903063098981,299421,B,94.44994312005554,True,True
47637189,District 21,City 5,2020-07-15,602202437173443834,299770,E,89.67373959418836,True,False
96933765,District 7,City 8,2021-11-19,884115581299352352,300745,D,86.5425081031689,True,False
74798042,District 24,City 7,2019-02-15,447172685032013694,299158,F,77.92641919549648,True,False
16583309,District 34,City 34,2020-07-01,654574923977866787,299472,C,89.11914050562312,False,False
38739131,District 4,City 53,2019-12-10,819169129802353931,299427,D,62.49518165104022,True,False
60678907,District 35,City 49,2019-10-15,894268207977948460,298748,C,81.67042888592201,True,False
60510191,District 3,City 9,2021-01-30,530410497843053953,299019,C,100.0,True,False
45832793,District 24,City 34,2020-01-14,634156215331651290,301361,C,70.31486956641872,True,False
60799469,District 34,City 30,2021-05-16,962183565422034818,300711,E,70.4547030855658,False,False
84901115,District 34,City 22,2020-03-18,895858087422371420,299960,B,72.38790187581915,True,True
21565826,District 7,City 20,2021-11-22,473645581104825868,300851,C,63.17369961427622,True,False
42567651,District 19,City 18,2019-06-22,275065921512288100,299792,F,96.27133667593942,False,False
92024295,District 5,City 29,2021-10-06,614588574544310509,300324,E,80.03203658165687,True,False
96762626,District 2,City 32,2019-03-04,729494373572607064,299884,A,85.26784289344312,False,False
41805078,District 7,City 21,2020-03-13,161937169955884694,300464,F,90.9046595338174,True,False
12367572,District 34,City 28,2020-06-26,986212154101723299,301078,C,84.47602879178153,True,False
74132042,District 25,City 7,2021-12-26,532404324674281256,299397,F,70.55600790442332,True,False
99377999,District 7,City 9,2021-09-26,818464708417000206,300226,D,68.2151675769489,True,False
66899499,District 7,City 37,2020-02-05,186789229470526478,299106,E,72.83527302826934,False,True
41926201,District 30,City 22,2021-10-30,160788739564544528,300457,C,65.59981647765197,True,False
18180414,District 22,City 12,2020-02-09,978537905248212561,299267,F,87.98696479570046,False,True
43705301,District 14,City 30,2021-06-17,838776173664899311,300175,D,75.75109770680314,True,False
25262579,District 3,City 48,2020-08-25,578173318813776893,298908,A,89.5429634951227,True,False
44516943,District 28,City 25,2019-04-08,766094752162876867,299758,B,76.78374631057636,False,False
96968750,District 7,City 39,2021-11-17,415777907297338406,300114,E,95.15201856827343,True,False
85779253,District 11,City 29,2020-06-25,162872570612440170,300832,F,75.48934294746077,True,False
14620380,District 19,City 17,2021-04-15,297569491347826420,299548,C,79.24310245163848,True,False
38568527,District 13,City 49,2020-08-21,548635172833563921,299609,D,77.71741125283563,True,False
70487194,District 13,City 14,2020-10-17,522358442293868086,300968,C,74.94395333578366,True,False
16092662,District 35,City 7,2021-04-18,919328795449688172,300106,B,61.92781585633439,True,False
53865416,District 27,City 25,2021-08-19,192922185226718986,300534,C,73.31977887025046,False,False
41678224,District 30,City 12,2019-06-21,559708616025261909,299711,E,56.461232299319974,True,False
58754823,District 25,City 58,2020-03-28,982970092034676118,299920,C,81.46686838189619,False,False
58094049,District 28,City 9,2020-11-19,222678345961366858,300142,E,85.72893914774303,True,False
60288900,District 34,City 12,2021-11-27,933784415308821645,299991,C,83.07094569464735,False,False
15047547,District 7,City 53,2021-12-19,443797108237006779,299303,F,89.61555408358188,True,False
32144289,District 17,City 45,2020-09-17,972221075055314576,299440,E,77.82590611088513,False,False
51573214,District 19,City 45,2020-10-23,426834092104192965,300438,E,72.99831441142062,False,False
15360187,District 8,City 12,2019-01-30,301254961461380469,299624,F,67.84733289731707,True,False
78728798,District 11,City 15,2019-06-06,456568502565555104,300257,E,79.9198973110101,False,False
88531553,District 14,City 25,2021-08-03,159247328285544194,299284,C,71.16012597550443,True,False
74819934,District 7,City 18,2019-08-03,786566627500956589,300066,B,75.91403249239205,True,False
62531353,District 21,City 17,2020-05-19,921650262405227494,300484,F,72.03158565717855,True,False
46511302,District 7,City 20,2020-11-26,252888544350127838,299157,D,83.85947454876344,True,False
16228846,District 32,City 49,2019-09-06,919502418528604660,299961,E,71.04478229569226,True,False
85498323,District 7,City 34,2019-10-22,659292489050200028,300453,C,75.68042070135486,True,False
88123773,District 19,City 7,2020-04-22,107120948388274676,299547,C,78.98070735802618,True,False
56961660,District 4,City 24,2019-11-07,585406264772124782,299499,D,89.13781327425595,True,False
18486645,District 7,City 53,2020-07-03,776824992818818671,300122,F,80.69184179481032,False,False
67813710,District 27,City 53,2021-12-29,822626845490586878,300477,F,92.20043986891702,False,False
46413927,District 2,City 47,2019-03-22,212473132259284016,300593,F,84.81023716159291,True,False
87247871,District 21,City 47,2020-02-27,626047850179188031,299636,E,79.7443103561516,True,False
90880411,District 8,City 12,2019-08-19,644042594095000875,300009,B,75.70792547842618,True,False
82181089,District 7,City 53,2021-01-25,257375565271539282,300018,F,63.79982435242884,True,False
20636996,District 17,City 29,2020-02-21,733195925040692964,300041,E,68.74456120353621,True,False
33196742,District 13,City 21,2019-02-10,814186921411983485,300081,D,98.89525728358156,True,False
78762717,District 32,City 47,2019-06-27,736832680313677089,300601,F,87.78819361529483,True,False
26123052,District 11,City 15,2021-01-28,849637327763149811,300150,D,77.72675145903129,True,False
89350427,District 17,City 34,2019-08-22,385223109083120341,300475,C,76.11101704270882,True,False
77322138,District 8,City 2,2021-04-12,663306205604672337,299178,E,70.18122690841689,True,False
48270584,District 20,City 15,2020-09-01,540230856216488923,300410,A,67.11266666103263,True,True
37214545,District 17,City 15,2019-09-02,838891031560576857,300879,E,75.6816228429015,True,False
81560411,District 20,City 12,2019-05-01,529381664334406237,299947,F,80.69220852496076,True,False
39387988,District 7,City 9,2019-10-26,531571599676926544,299978,E,91.65619961987149,True,False
26007399,District 33,City 12,2020-11-05,267456084627713704,299667,B,88.3400476788672,False,False
17856366,District 27,City 32,2021-03-16,228503231716036255,299749,C,61.697040147311824,True,False
10698625,District 21,City 30,2020-10-25,438585325534102767,299169,C,76.97029126290099,False,False
16089281,District 12,City 9,2020-09-30,427755419938649231,300219,E,75.43109022157059,False,False
34530423,District 7,City 17,2021-10-17,934813924583788990,299127,F,96.37174321193957,True,True
48453255,District 24,City 34,2019-01-05,401662425264571042,300645,F,66.90240570482332,True,False
97470017,District 34,City 45,2021-01-19,625496690730751921,299263,B,81.29251032997627,True,False
91327883,District 25,City 7,2019-11-11,225095394085013016,299619,C,66.31582435601378,True,False
54820327,District 8,City 55,2020-09-11,745471123994218567,299751,E,78.47394352146772,True,False
24397611,District 13,City 15,2019-03-01,316855723396679526,300097,C,84.02705274222126,False,False
33590005,District 4,City 17,2019-06-08,254287135250821290,298958,E,92.37775355575161,False,False
46067457,District 7,City 53,2020-11-24,160547985751648761,299614,D,69.02979638230579,False,False
96416304,District 24,City 56,2020-06-15,151704411154970076,300437,F,86.17742372285146,True,False
47389829,District 19,City 34,2019-05-03,958795159526079358,300455,F,65.53616758247139,False,False
77583087,District 13,City 34,2021-03-08,788478354973796042,299881,C,82.32115635966869,True,False
91200255,District 3,City 10,2021-06-12,630133446443166719,301214,D,81.69566231381343,False,False
28806698,District 13,City 8,2020-06-26,117885806277744422,299863,E,57.932687928988244,True,False
78098429,District 2,City 41,2020-09-09,221120938903449009,300261,D,88.96481910135547,True,False
72487271,District 35,City 45,2021-12-10,910904084990783414,300926,E,88.02203261465121,True,False
73057903,District 14,City 22,2020-09-14,435112369299947930,299581,D,83.44367058908713,False,False
46077067,District 3,City 29,2020-07-08,328620519056335816,299871,E,72.35118610658216,True,False
99083113,District 2,City 32,2020-06-23,710966078373484551,300165,A,88.57553292634879,False,False
33457753,District 2,City 9,2019-03-12,747308680913669399,300328,C,83.22424318521936,False,False
19393538,District 7,City 38,2019-09-03,815138425083833227,299368,C,73.52408666087916,False,False
80620397,District 24,City 53,2019-05-04,449910280400344853,300115,D,89.01822312379095,True,False
80572505,District 13,City 30,2021-10-03,969790001492052598,300083,E,89.12291749695845,False,False
50003044,District 34,City 4,2019-08-05,804997510673569350,300668,F,85.27062074136272,True,False
23420400,District 15,City 2,2021-08-08,120929345478102283,300955,E,81.79420590041714,True,False
81850268,District 21,City 20,2019-06-21,649291625130337356,300354,F,80.50632083120733,True,False
84510307,District 31,City 44,2021-06-15,602487500148013172,299611,D,94.82888078241156,True,False
76512217,District 34,City 8,2021-03-30,379260759501645168,299082,F,100.0,True,False
19687511,District 13,City 57,2020-03-28,392097570097256136,300386,F,78.51336041438545,True,False
77999355,District 6,City 17,2021-02-11,757705663031455297,299527,D,95.85391990272936,False,False
77027021,District 3,City 17,2019-05-06,445709622518991251,300341,E,91.93522028000552,False,False
65953379,District 2,City 16,2020-04-27,643873703358194291,299728,B,92.84179213757352,False,False
60980233,District 17,City 30,2020-10-31,408407119140789800,298848,C,79.54966515662187,True,False
67298818,District 16,City 7,2020-08-09,549217464070192053,299955,D,79.59494907486373,True,False
93311575,District 14,City 18,2021-12-13,809301316116828748,299010,E,73.04308193691557,True,False
77457589,District 7,City 10,2019-08-02,997705710239593607,299182,B,76.58288369953777,False,False
51550982,District 15,City 47,2021-04-12,227109296723709357,299860,E,95.20562537848011,True,False
74209293,District 3,City 24,2019-08-27,596751894048568876,300086,E,71.24409395413394,False,True
17810060,District 21,City 9,2021-06-04,784490143749732520,300176,F,82.4233885704071,True,False
78698566,District 33,City 55,2021-04-12,878327045360019100,300019,A,86.81974555203885,True,False
56199355,District 19,City 37,2021-11-03,992586308885868005,300251,B,66.61695925979627,False,False
82565190,District 31,City 13,2019-05-20,475786970565800846,300432,D,69.4384476653851,False,False
70834303,District 35,City 19,2021-05-14,966492155839927512,299935,C,72.75505967593259,True,False
99522797,District 8,City 15,2021-09-05,436414218308998320,299599,F,77.49976024975165,False,False
95995086,District 34,City 57,2021-10-14,286937248628921986,300703,C,65.3624413304097,False,True
13661194,District 22,City 30,2019-02-25,808979522618513389,300756,F,73.11207619682726,True,False
99703354,District 16,City 6,2019-07-14,975440738438171579,299890,B,76.79174755031508,True,False
55743724,District 33,City 45,2019-05-15,109774389955000352,300100,F,85.39632411043104,True,False
64152263,District 14,City 37,2020-06-19,288657896260755236,300745,D,69.38383465269749,True,False
37231825,District 14,City 30,2021-11-27,771462108148552316,300602,D,84.30792374965175,False,False
17950303,District 29,City 54,2019-04-11,825354652210580184,299715,C,68.54213128887542,True,False
97589335,District 24,City 32,2021-11-14,435809446187138269,299980,F,76.11488062844953,True,False
84408473,District 7,City 5,2021-10-23,109173252570147417,299731,E,59.40867218642852,False,False
37984868,District 4,City 47,2020-09-07,568040135497476222,299595,D,69.7057502036682,True,False
70230577,District 32,City 37,2020-05-01,390159761912152705,300177,C,71.58124080873736,True,False
30423478,District 13,City 36,2019-12-20,139519024006547720,300767,D,79.95826456078981,True,True
95824780,District 3,City 9,2019-03-25,767464338160376242,298967,C,83.59973886091396,True,False
52359204,District 21,City 8,2021-01-21,236813518930904237,300049,C,96.15937068538322,True,False
56786121,District 22,City 17,2021-06-19,954845574621701870,299300,E,81.43886286996755,False,False
15643969,District 34,City 16,2021-12-08,331631271262171897,299598,C,68.08903915794914,True,False
76893266,District 8,City 35,2021-05-06,878853202179966064,299653,F,100.0,True,False
71473291,District 24,City 17,2021-03-25,786054850129322189,300196,F,93.24020420678147,True,False
19163652,District 19,City 20,2021-05-21,637744507734398655,300302,F,81.18988768675919,False,False
46539874,District 7,City 56,2019-05-21,118060029633650546,299862,E,69.64896325173996,True,False
42694259,District 19,City 8,2021-02-20,657190255904830917,299974,E,69.79504497903513,True,False
78189724,District 7,City 35,2020-01-19,837220872668133692,300344,F,79.24759739036593,False,False
74560364,District 3,City 2,2019-06-25,128957464657908831,299811,C,63.13536613758471,False,False
43462970,District 19,City 17,2020-02-28,217260944334379249,299755,F,83.20854747552059,False,False
29364766,District 14,City 25,2021-05-22,663624588971075953,300375,E,85.44275239623735,False,False
11624991,District 19,City 4,2020-12-31,764636599147342943,299997,D,76.02288546631362,True,False
47308453,District 4,City 59,2019-07-07,326677244780427422,299441,C,77.22994658026414,False,False
57984392,District 24,City 28,2019-02-24,122691657813543191,299738,E,78.06433644265913,True,False
50767968,District 4,City 52,2019-03-14,639176408662038073,300266,F,72.2529365738836,False,False
83548382,District 17,City 34,2021-09-21,637076650288837784,299844,C,87.75805151412827,False,False
77483371,District 35,City 32,2019-12-18,498679520560948021,299628,E,79.19057180201233,True,False
27433915,District 11,City 57,2021-08-27,372768367944358295,299201,E,94.05679688748033,True,False
18854886,District 4,City 15,2021-06-03,458793747438362664,299650,E,91.16972342332176,False,False
26084339,District 24,City 34,2021-01-11,667081923209082092,299982,E,82.14483680479229,True,False
73297846,District 11,City 9,2019-07-13,202704970016639989,300639,D,59.55915972749192,True,False
51507106,District 6,City 18,2020-01-10,299346064714964470,299788,D,95.71723006606075,True,False
73170431,District 28,City 7,2019-09-23,658628686193016576,299845,F,73.11748306712676,True,False
78546962,District 27,City 52,2021-03-19,963422780374566469,300295,F,90.15762598662329,True,False
78022193,District 7,City 52,2019-03-01,228020117380484812,299280,D,80.07955095497049,True,False
43350727,District 33,City 15,2020-06-18,243362236762116657,300338,B,81.06710894242846,True,False
36949344,District 7,City 7,2020-09-12,781081709104762875,299264,F,90.3694813358659,True,False
60160818,District 12,City 49,2021-12-18,435901629865881889,300464,E,78.17662711713952,True,False
87645994,District 15,City 59,2020-03-13,909502383007301820,299866,F,73.01296710478049,True,False
63611001,District 29,City 32,2021-03-12,344066234257166929,299310,D,82.81521673692862,True,False
90463424,District 2,City 17,2020-04-03,106875000673206085,299886,C,73.99980525553245,True,False
21669816,District 29,City 9,2019-08-05,969861026616081950,301203,D,83.75373922877792,True,False
90978401,District 29,City 55,2020-03-16,764295382506154218,299677,C,88.84553736485888,False,False
96900437,District 2,City 10,2019-04-29,421385259202198902,299588,A,93.07163990272855,True,False
90775898,District 3,City 30,2021-11-25,905613756425349425,300147,E,71.64694775378028,True,False
10785805,District 12,City 44,2021-12-20,317398753181658709,299330,D,78.09483219442022,False,False
25610299,District 7,City 12,2020-07-11,338568580759163308,300302,E,67.34840639926699,True,False
85654797,District 29,City 34,2020-05-03,596160681819770509,299953,A,100.0,True,False
74107579,District 8,City 56,2019-09-25,407919533820585939,299263,C,100.0,True,False
84737700,District 17,City 30,2019-01-14,433510573110010077,300198,E,73.77763637061777,False,False
12797006,District 25,City 59,2020-12-04,137188514653468355,300577,F,86.27500958344092,True,False
26093427,District 17,City 49,2019-08-11,273040816088816904,299660,B,76.09675902587706,False,False
20749238,District 25,City 34,2019-01-31,807241918822013370,300353,F,90.13439027188863,True,False
10898881,District 19,City 11,2019-11-29,682089447159754581,300085,E,95.48366553872455,True,False
14646718,District 13,City 30,2021-07-23,702567551860479674,300483,E,92.24665140493639,True,False
19715608,District 11,City 41,2020-11-25,938893894008970972,299504,D,65.19077063173752,True,False
46846191,District 8,City 45,2020-04-19,236216415284535469,299375,E,97.58942292553053,True,True
36750118,District 17,City 27,2021-04-10,413026431111914402,299883,F,84.54238859123146,False,False
22482947,District 19,City 22,2021-01-07,557999868280254505,300263,B,68.41030217620275,True,False
12996663,District 34,City 48,2020-04-07,159524449166665101,299488,E,93.58086693148405,False,False
97459555,District 27,City 22,2021-02-28,371458592061979622,300297,F,88.02659522333065,True,False
73538171,District 16,City 45,2019-11-04,632427954133938629,300117,F,75.16697005926227,True,False
48368402,District 7,City 30,2021-06-14,994818470701606252,300697,B,78.6679030752334,True,False
80278452,District 34,City 29,2019-08-12,566099021421711995,299248,D,74.19233409367004,True,False
34226483,District 14,City 8,2020-11-25,926560176063172482,299410,D,96.51472103616926,True,False
24214918,District 27,City 7,2021-07-21,163829755830213344,300040,F,83.97641539987282,True,False
40044751,District 27,City 39,2019-12-12,297567747914205973,300148,D,81.48380320673343,True,False
63074474,District 7,City 16,2019-03-24,124133947988968171,299524,C,74.8419343838499,True,False
15664545,District 23,City 29,2019-01-02,344733010743041643,299796,E,93.25463859996121,True,False
71383146,District 33,City 9,2021-12-09,349190918881555709,300838,E,87.81171976683062,True,False
77516420,District 24,City 53,2019-02-21,999861018526479165,299635,F,100.0,False,False
12727168,District 13,City 20,2021-04-30,521018894492575596,300272,B,81.95891453319955,True,False
19138236,District 14,City 25,2021-07-01,290316846628826079,299706,E,61.012511709182846,False,False
20836039,District 7,City 9,2019-08-08,924668380384391603,299655,F,100.0,True,False
11455417,District 17,City 55,2020-10-10,235367018693747870,299957,D,70.54124752114815,False,False
27588928,District 7,City 17,2020-08-24,941899687363970981,299490,E,72.76551476892156,True,False
44942142,District 34,City 11,2021-02-09,479545454254086268,299552,D,86.1368922909077,False,False
39689939,District 3,City 8,2021-05-30,404808056347121179,299853,D,68.01734378965277,True,True
96185837,District 27,City 37,2019-02-04,159346422548937917,299283,F,97.97499367320916,True,False
71331506,District 19,City 22,2019-03-14,995081826012339122,300471,B,94.17260322497786,True,False
14587130,District 17,City 24,2021-11-30,364834990637759578,300058,F,62.564059697295995,False,False
79370850,District 8,City 36,2020-12-11,959922050828274191,300368,F,76.26347587318854,True,True
16406382,District 34,City 30,2020-05-30,432949360034811299,300376,D,72.17009942127716,True,False
56578227,District 6,City 23,2020-07-27,973443428601096407,299515,C,78.80659280768153,True,False
16079518,District 21,City 53,2019-05-27,964203122786838615,301398,E,76.34787576233603,True,False
48269133,District 3,City 9,2020-01-24,514664638847524646,299325,D,71.56883787359142,True,False
75460106,District 23,City 38,2019-04-23,843421903205514637,300366,A,62.36390061535832,True,False
27384131,District 29,City 10,2021-10-08,375525119863115761,299798,C,84.26199033450862,True,False
19759582,District 8,City 30,2019-05-09,566142135038312152,300262,F,65.81436406031388,True,False
93025290,District 34,City 30,2020-11-19,993069473382166222,300242,E,79.20487672374786,True,False
35678356,District 17,City 34,2020-09-29,282812497545325693,300789,C,79.85359490881407,True,False
14181817,District 8,City 30,2020-08-19,539767752056786371,300546,B,60.329661188412274,True,False
49013109,District 34,City 8,2019-12-23,797528489426169948,299645,F,85.8382878105813,True,False
92117383,District 8,City 17,2021-05-18,972113237593279824,299286,B,94.7922098026973,True,False
26246083,District 4,City 8,2020-05-19,339147574600585542,299799,B,91.47821195608901,True,False
36865813,District 20,City 52,2021-05-15,586720273895395860,299970,C,75.8332050815423,True,False
68531249,District 7,City 58,2019-07-17,581119120134410749,300106,F,89.66873913591056,True,False
24078792,District 23,City 52,2019-08-24,720783149169264965,300081,E,76.80791795961979,True,False
97880874,District 27,City 45,2019-07-31,281825951322286644,300460,E,58.85389706009006,True,False
48700502,District 13,City 22,2021-01-09,347583846556387684,301576,E,79.70184807670428,True,False
51714880,District 3,City 24,2020-04-12,954867471879839722,299318,C,100.0,True,False
61432074,District 33,City 26,2020-09-26,954564931773993341,299937,B,89.3568058917997,True,False
83283081,District 7,City 34,2020-08-17,564374779348579158,300093,F,80.08259213787485,True,True
50000463,District 19,City 10,2021-09-23,685176109862963565,299176,E,77.73967154002362,True,False
99515236,District 7,City 7,2019-06-09,236614908541249477,300146,B,75.31239063673758,True,False
24960226,District 8,City 47,2019-07-01,753582688226923375,300424,F,79.22510281601676,True,False
41516098,District 7,City 11,2021-04-25,190275865793638189,300013,F,63.050228325076134,True,False
18752516,District 23,City 10,2019-05-23,735394787748849725,300291,F,91.43458242975032,True,False
84101453,District 34,City 45,2020-01-30,970021275188747307,299908,C,81.45774896269992,True,False
80224051,District 27,City 2,2020-03-24,238658404598601189,299628,D,74.97072936992514,True,False
79000180,District 2,City 53,2019-10-07,834907261862975329,300001,C,71.98612994104181,True,False
98174581,District 7,City 22,2021-02-22,247877279636125367,298869,E,81.1020473204607,False,True
25778149,District 23,City 47,2019-12-03,262680371940263419,299485,F,74.09922232395753,True,False
91905955,District 11,City 31,2021-10-23,167705108413448616,300218,D,74.37745701792848,True,False
30391609,District 2,City 30,2021-12-10,226542576089409906,300876,A,62.40372275879804,True,False
23610139,District 16,City 7,2021-12-13,360280161795686170,300425,F,81.53665958984979,False,False
62049913,District 4,City 38,2021-03-06,362606849722533946,299548,F,80.07421928558335,True,False
22165431,District 25,City 29,2020-07-10,464734569824616749,300271,E,89.4857795534712,True,True
24665859,District 24,City 36,2021-09-29,941061247971395527,300501,A,63.84237428003816,True,False
98971486,District 7,City 52,2021-06-10,285158801835229691,300529,C,82.59285811504313,False,False
86120564,District 1,City 19,2019-08-30,456611094323613932,300070,A,96.87697700006996,True,False
10998285,District 23,City 11,2019-04-14,596255536348948369,299107,E,79.22541476910284,True,False
15268071,District 17,City 20,2020-11-19,509476729674107420,298134,D,84.89090934456586,True,False
96943618,District 8,City 4,2019-03-05,564657009802187225,299559,A,80.99977059762229,True,False
49785330,District 4,City 58,2019-02-26,963353678230815958,301023,B,77.35878701944684,True,False
35371602,District 33,City 10,2021-10-31,558421071462727366,299313,F,79.60643786596113,False,False
59250850,District 2,City 45,2021-04-10,796642463378105029,299675,D,82.4385335830337,True,False
85409655,District 34,City 53,2019-01-17,797817260815552174,299860,B,67.3665363124938,True,False
28900853,District 27,City 22,2020-07-28,334257743480769092,299222,B,86.73934360501293,False,False
71275648,District 34,City 34,2019-07-15,808235444528475677,300206,B,93.1288165166117,True,False
76067599,District 7,City 7,2021-03-10,271658551856940294,300486,D,83.2938455756157,True,False
57746152,District 32,City 37,2020-08-01,943018870121884363,299763,C,65.8081669150633,True,False
30277834,District 12,City 15,2020-04-18,255180870853886396,300403,D,90.96622537678685,False,False
38067110,District 34,City 12,2021-04-11,616030627503390836,300312,D,68.69215885677721,False,False
43769147,District 24,City 16,2019-02-19,458390819598189963,301688,C,88.08720943629109,True,False
41158244,District 19,City 35,2021-07-10,534306206723135750,299716,D,81.96759995082964,False,False
83300926,District 15,City 6,2019-07-17,246676758395361409,300322,F,73.81567171774172,True,False
86329849,District 8,City 9,2019-04-26,193707110652314773,299626,E,77.10187036668368,True,False
46225440,District 30,City 12,2019-09-28,746084840166387134,299747,C,62.62536097433425,True,False
65780909,District 28,City 29,2019-03-13,665853813563187526,300327,D,73.86391109990524,False,False
69496030,District 34,City 45,2021-06-13,903716772269411729,300762,D,73.83367896689717,False,False
63033699,District 27,City 56,2021-05-24,314455221601403846,299592,F,79.97378943845143,True,False
99193401,District 17,City 7,2020-01-25,356906622863925401,300028,A,91.44829434675106,True,False
17274640,District 7,City 55,2020-04-23,820248813781918383,300131,E,99.44779754830012,True,False
33646696,District 19,City 56,2021-09-22,269469679078925566,299588,C,88.3381146469024,True,False
70853007,District 19,City 22,2021-11-14,212989977700589747,299735,B,85.74573148965696,True,False
98323099,District 8,City 7,2020-02-19,983338256878076286,300202,D,66.22726259912548,True,False
55962026,District 19,City 58,2019-05-26,304151868812834513,299302,B,90.24883325556988,False,False
33476178,District 33,City 7,2021-01-16,972589191231374836,300754,B,70.12905411799909,False,True
68521484,District 16,City 45,2021-03-07,578221909870672432,299999,D,89.26014177904953,False,False
53950470,District 25,City 56,2019-02-16,322649036208832073,299503,A,73.66659755410585,True,False
42728991,District 7,City 53,2020-08-30,382056694716814411,300277,F,84.08651548755441,True,False
15112561,District 32,City 54,2019-02-12,112889622164247745,299857,C,74.4238332955351,True,False
48352697,District 33,City 18,2020-01-30,357040828312100192,299152,D,68.94008443986127,True,False
10259610,District 8,City 56,2021-04-22,625305417861038070,298912,E,74.51833398055933,True,False
47562721,District 24,City 45,2020-08-24,184564717108396055,299837,D,88.35681736286952,True,False
70109192,District 17,City 18,2019-07-08,862850171350239744,299723,D,84.51852881331565,True,False
13421648,District 19,City 15,2021-09-20,521807839662239220,300223,F,79.08460941480142,True,False
49791111,District 33,City 47,2020-02-27,499594906029328022,299294,D,78.47442882321373,True,False
21366563,District 6,City 22,2020-08-08,255060863974887789,299659,D,81.7791821430555,True,False
62315961,District 7,City 9,2019-09-18,287357242180142128,300198,D,76.90127333290297,True,False
31022906,District 7,City 30,2021-08-13,506429462308434783,301304,C,91.9469424067521,False,False
38111550,District 28,City 40,2019-11-26,977211664764584795,300544,F,89.3411409300733,False,False
62192610,District 29,City 55,2020-05-18,105090851958290089,299575,F,85.30473126479748,False,False
74001135,District 16,City 24,2019-08-16,781384555558211719,299335,F,70.13605949961698,True,False
96954116,District 33,City 44,2021-04-12,751125432571327479,299619,B,70.64615811574383,True,False
33468993,District 14,City 23,2020-11-25,318213951349563741,299854,D,50.12386674271578,True,False
20749522,District 12,City 49,2019-05-04,221922591893940245,300681,B,85.47095423772095,False,False
41173350,District 34,City 12,2021-01-08,954527383642399219,299688,E,68.55926723862851,True,False
19472215,District 29,City 32,2019-09-01,754664813159712616,300443,F,92.68592921348615,False,False
46005412,District 34,City 35,2019-08-03,744672062855869899,301027,D,94.6730680237729,True,False
18211659,District 21,City 32,2020-12-10,596945821185550373,299862,F,69.56260650196904,True,False
11719700,District 28,City 45,2019-03-20,632988932175585119,299279,A,61.69185851665225,True,False
19787310,District 35,City 17,2020-11-01,533900010492506994,301426,C,73.5186759993187,True,False
27568691,District 23,City 30,2020-12-15,856947016730499896,301480,D,100.0,True,False
47303377,District 24,City 2,2020-03-04,335002341879870757,300842,B,82.64210559493714,True,False
24383280,District 25,City 22,2019-11-21,776641131557149078,299282,E,73.67421525069338,False,False
73392494,District 11,City 7,2021-10-12,837786545770301907,300443,E,74.59369348109702,True,True
49106866,District 33,City 48,2020-03-20,647464541307701161,298857,F,80.45821436848989,True,False
91056647,District 33,City 7,2021-09-14,476897217643339815,300998,C,64.84844411129521,True,False
15687981,District 27,City 45,2020-07-22,832495514798409431,300130,E,75.39302330082201,True,False
44621630,District 2,City 47,2020-03-14,994247695835693060,300699,D,73.18021600471175,True,False
92132932,District 28,City 11,2021-12-27,878604191174239215,299296,D,76.91668429632087,True,False
35436968,District 6,City 34,2020-01-14,375305475359431716,298903,D,80.34967944062063,True,True
27279026,District 34,City 34,2021-08-08,681819606370621542,299959,E,86.84391826152878,True,False
48897911,District 2,City 28,2019-08-31,242288747345342306,299608,C,80.58373484151859,True,False
88986051,District 6,City 17,2020-02-10,347854616849172948,300082,F,84.81570266193604,True,False
18742215,District 3,City 34,2019-08-26,314743938575987324,299527,D,73.06994518853304,True,False
68689896,District 4,City 30,2020-08-04,507815971646117869,299754,E,67.01493913585936,True,False
28639581,District 8,City 13,2020-10-08,845204092892962018,299797,E,88.50965220343286,True,False
66453412,District 24,City 24,2021-02-26,454462993791940660,300608,E,92.75203826640838,True,False
39130601,District 7,City 44,2021-11-04,195756160606039467,299746,C,83.85360800983062,False,False
11402977,District 31,City 56,2019-10-01,161728672452137137,300405,C,73.98903234205424,True,False
70883392,District 17,City 45,2021-09-29,740158617145734602,300002,E,69.68781709806393,True,False
36672463,District 17,City 18,2020-10-17,632922606619398781,299683,A,98.10967907283754,True,False
86577220,District 14,City 47,2021-07-29,830144264912148927,299566,D,66.40438000095335,True,False
79893637,District 29,City 39,2021-09-07,124412994515199442,300249,B,76.37969410754779,False,False
30472699,District 14,City 45,2019-08-07,859793514297317543,300131,D,88.50421033632004,False,False
75898459,District 3,City 47,2019-11-01,726599183131258233,299364,E,83.66759585782904,True,False
23702145,District 31,City 56,2020-12-23,620808267758126605,300707,B,91.4234948396696,True,False
77163023,District 29,City 21,2019-04-15,924806609968459057,301232,D,83.59466075270639,False,True
71035627,District 7,City 16,2019-06-15,582908203490130635,300815,F,80.95163038673725,False,False
56828181,District 28,City 2,2020-03-19,777384203542834527,300889,D,69.21612640395567,True,False
81073988,District 14,City 34,2019-02-15,347141211585986118,299810,E,75.22329760687681,True,False
36459098,District 16,City 53,2021-01-20,208309824040506296,299733,D,95.50413645781063,True,False
46875667,District 14,City 23,2019-01-03,660447671640282507,300202,C,68.11434339577613,True,True
39038855,District 19,City 47,2020-02-27,431178752571660469,300875,F,75.66347657775485,True,False
84051206,District 13,City 20,2019-09-13,639308648671193285,300358,F,87.9808797958745,True,False
32620208,District 34,City 34,2020-04-22,974375630731574497,300692,F,73.98338743666551,True,False
14709731,District 19,City 7,2020-02-08,552326823501563281,300218,D,78.83823141910814,True,True
53367508,District 21,City 52,2021-08-06,998917605867371315,299822,E,69.41921199504463,False,True
64807832,District 8,City 43,2021-08-14,128981747440923928,299023,D,94.24740725435974,True,False
50216621,District 33,City 32,2019-08-30,758398526956265482,299599,F,74.85752901866871,True,False
80192303,District 18,City 22,2021-11-24,760478027775908541,299809,A,74.78820794618976,True,True
46783435,District 17,City 2,2020-07-17,450082237385346030,299968,E,75.46256382449506,True,False
86249916,District 21,City 36,2020-03-25,230478207556799793,300332,F,75.93556255158481,True,False
53077896,District 12,City 23,2020-08-09,250138050114255998,299989,C,83.42665160052745,False,False
78404807,District 23,City 18,2020-09-02,276809352888639233,299435,B,74.74324098259378,True,False
76054819,District 24,City 51,2019-11-07,979453750069303391,300844,E,78.11070643138605,False,False
15802524,District 20,City 25,2021-05-07,228611102330236969,300175,E,85.13304983827754,True,True
24504552,District 2,City 12,2020-06-07,803392025852633342,298981,E,76.86292102513748,True,False
10197918,District 33,City 47,2019-08-01,408499008757391721,300623,F,69.44765948775535,True,False
68926616,District 8,City 22,2021-06-22,310121624702007000,299942,F,91.69578474599484,True,False
98336876,District 27,City 11,2020-05-27,247809547586993341,300210,E,79.58001413791655,True,False
34131177,District 13,City 17,2020-02-18,932348955637621735,299951,A,76.05154460302009,True,False
43554013,District 5,City 9,2021-06-25,979716833281137139,299632,C,73.65477943828131,True,False
36952018,District 34,City 29,2021-03-21,540365014366792631,300050,F,72.4766627220712,False,True
59028471,District 7,City 45,2021-10-29,584450218593702823,298741,E,83.93266360613715,False,False
99538947,District 13,City 53,2020-08-05,542925497581179646,300376,E,58.76565909469999,False,False
68866173,District 21,City 45,2021-06-01,258908995833038459,300610,E,75.46678329540464,True,False
80861003,District 29,City 8,2021-05-08,470899769417221360,298669,C,96.06500913507222,False,False
15210816,District 16,City 2,2019-03-05,110156967935873521,300399,A,78.05449994440146,True,False
46885255,District 24,City 28,2020-04-18,388152552154401025,299536,D,81.66272929106857,True,False
58617038,District 8,City 32,2021-10-21,325394149800303433,299968,A,77.88847824262609,False,False
41597009,District 13,City 30,2019-05-25,434162685853272401,299220,E,75.51608188623922,False,True
54294165,District 13,City 7,2019-12-23,457607124192433606,299761,F,62.163808400108834,False,False
60300732,District 6,City 22,2021-11-17,997274940023407584,299658,D,77.2914587142588,False,False
12146511,District 6,City 30,2021-06-18,785693712047624406,300233,E,93.84310451325187,False,False
49267496,District 19,City 55,2021-11-08,203589306714569019,300174,D,87.55827491692295,True,False
61548305,District 19,City 22,2020-12-21,329961675246590948,299898,F,78.32391457127514,False,False
10944383,District 22,City 11,2019-10-07,667523922625358893,299279,E,82.1983172868687,True,False
45244412,District 11,City 34,2021-08-23,153977530881894674,300007,D,90.1254767328597,True,False
91149921,District 4,City 17,2019-05-01,695684441181216213,300788,F,69.73700082730127,True,False
86983344,District 3,City 27,2020-10-22,711536346816639587,301104,D,71.42763447342963,False,True
28967073,District 9,City 27,2021-03-05,952939470387765700,299765,D,71.4475171690611,False,False
64914272,District 1,City 11,2021-07-31,801377414238701647,299732,E,78.97365867050404,True,False
24472191,District 28,City 57,2019-04-22,501491558507290009,298780,F,63.68475900526214,True,False
43949201,District 7,City 17,2019-06-11,636322671374209558,299294,F,73.17155284561849,True,False
31165142,District 27,City 35,2019-02-11,681749089543926785,300539,E,74.3590585671144,False,False
97322168,District 2,City 30,2019-05-30,948214014978404824,299415,D,90.22000474941674,True,False
62273958,District 20,City 19,2019-10-18,734589704694054338,299824,B,85.12787554524057,False,False
78850796,District 3,City 9,2020-03-02,123152055613921883,300309,E,73.8135632023488,True,False
26016975,District 25,City 7,2019-11-16,225385023079286666,300644,B,85.78262771771391,False,False
96215981,District 34,City 32,2019-08-07,989707017804624049,299715,E,93.28460761639683,False,False
65995498,District 14,City 49,2021-03-03,742214359344047939,299561,D,92.37640759951475,True,False
33907858,District 19,City 22,2019-06-27,125284421734487479,300549,F,80.1312344273488,True,False
29804552,District 33,City 13,2021-08-06,162635260411472935,301263,B,84.18931305615783,True,False
79590031,District 24,City 7,2019-04-01,568701510356211671,299488,E,73.79771998359817,False,False
57851966,District 16,City 9,2020-09-22,260351272742911842,299369,B,87.28039195563966,True,False
51307382,District 11,City 53,2020-12-31,672516199859749599,300625,D,100.0,True,False
27457715,District 33,City 2,2019-01-30,937524236728935430,300201,B,72.07496675678392,True,False
20650539,District 7,City 9,2021-04-08,586163072995444887,301198,C,81.8717056940364,True,False
90203718,District 7,City 20,2019-08-06,177277665114302529,299408,F,65.46454816076395,True,False
21787052,District 4,City 49,2021-01-16,597226954404641511,299234,E,60.36829567660445,False,False
82390107,District 7,City 45,2019-02-10,990278984581535824,299880,F,91.720175499584,True,False
52224759,District 21,City 37,2020-09-17,244131565449357702,299722,E,78.92740350370424,True,False
43853835,District 28,City 45,2019-01-08,700312868429913271,299449,E,91.30933512479422,False,False
88815440,District 8,City 11,2021-12-20,146586860291349842,300564,F,81.34006248726621,True,False
30883366,District 2,City 15,2020-06-11,238883484236593883,299103,E,83.91999409028814,False,False
74016509,District 8,City 52,2019-08-14,290800601145005603,299581,E,72.9281174422639,True,False
35029624,District 28,City 23,2021-05-24,271551122395936722,301456,C,80.12795164411317,True,False
97286966,District 13,City 47,2021-03-21,426432257458861189,299502,B,75.90770049691533,True,True
31411841,District 25,City 22,2021-12-04,297576466849263068,300177,B,77.8237086122301,True,False
41381703,District 21,City 22,2019-05-25,791316720517374556,300170,E,75.50137476829795,True,False
10499633,District 7,City 2,2021-08-08,174056478173593284,299931,C,88.62182726712363,True,False
21281114,District 11,City 37,2021-09-28,222568140121047969,300191,F,77.80275414006222,True,False
25416947,District 25,City 15,2020-12-10,763053259340660548,300995,E,80.47504820423018,True,False
43916529,District 19,City 22,2021-05-11,287858283492844236,300388,D,68.57679248607128,True,False
78566041,District 8,City 11,2021-07-26,210342679300217005,299018,F,77.67463208275773,True,False
55632002,District 6,City 18,2021-10-22,402353717742197427,300063,F,72.03696306309507,False,False
65552016,District 21,City 41,2020-10-03,569507468215049273,299782,D,77.77814068493214,True,False
40913452,District 7,City 24,2019-08-31,596901337266681958,299527,F,78.32788281987176,False,False
36523858,District 19,City 48,2020-07-11,955184240063856304,300211,E,90.80855300163293,True,False
52901919,District 8,City 47,2019-09-11,128590557826274368,299592,D,80.81449632808386,False,False
33111352,District 21,City 52,2021-10-30,232643847871890093,300499,B,72.74340318185632,True,True
12893728,District 7,City 23,2020-04-21,319427556733946867,300206,D,85.56247530918971,True,False
51001067,District 4,City 57,2019-08-04,665293653821205358,300484,E,73.8110873712784,True,False
97937223,District 19,City 22,2020-08-27,466407021143055345,300354,C,55.875823143939215,True,True
81997041,District 4,City 25,2021-08-31,984162521260850477,299086,C,89.25978038666793,False,False
63847702,District 23,City 15,2021-10-23,187119113122561176,299614,C,67.05369898357303,False,False
11383582,District 7,City 48,2019-04-06,709831862703886135,299713,D,83.41232461445064,True,False
41816265,District 16,City 54,2020-03-27,227283280901183034,300503,E,81.35658806552793,False,False
22303002,District 14,City 30,2021-05-02,916558933083187632,299580,E,84.67942416087709,True,False
96425818,District 7,City 16,2021-09-20,407778800250026058,300015,B,75.70833232815947,True,True
25099474,District 7,City 45,2019-09-16,792580269942059340,300408,E,69.17825057414207,True,False
81544433,District 34,City 24,2020-09-01,751945496644836846,300067,C,77.12114263660847,True,False
42794880,District 8,City 11,2021-06-28,337251878615969403,300667,D,69.67859139314808,True,False
85876983,District 34,City 12,2021-10-06,875530115817989742,299057,F,85.28648769191282,False,False
53498664,District 4,City 47,2020-07-19,664153542075283694,299923,D,89.3109092385514,True,False
54183261,District 17,City 7,2020-04-09,565711813500399906,299658,F,92.84189762278892,True,False
90937243,District 8,City 48,2019-10-28,399889418546068574,299335,F,84.63053062078666,False,False
37649813,District 7,City 43,2019-07-01,891495470626664580,300460,D,93.23640018755125,True,False
94888948,District 14,City 19,2020-08-03,248921062356667484,300705,C,89.05775248662532,False,False
59444230,District 21,City 7,2020-04-23,365260070418108175,300132,E,91.22200799442264,False,False
52770429,District 2,City 29,2020-06-09,538753669059541111,300431,D,93.46043996089011,True,False
49334684,District 19,City 17,2020-02-26,256659099242798082,298751,D,90.72740393432782,True,False
52009391,District 19,City 35,2020-06-10,283805900803508388,298086,B,78.98557453853995,False,True
37677957,District 4,City 8,2019-09-29,890508127178080446,300000,D,78.76066844430828,True,False
91339887,District 4,City 15,2021-05-11,434147780438876151,300657,F,81.81687965720427,True,False
60229640,District 3,City 55,2019-03-17,307828365921775719,300914,D,91.35097673945936,False,False
43971437,District 27,City 47,2021-04-09,556525905011790855,299752,A,77.4348960515886,True,False
19083965,District 25,City 23,2021-03-13,685577546341041737,300426,A,86.22112057831329,False,False
90214500,District 19,City 21,2019-02-20,382683290292838193,299625,E,83.31231943983188,True,False
94829304,District 34,City 30,2019-08-30,161078979502196562,300183,E,78.87514574662084,True,False
17889730,District 4,City 17,2019-08-22,950349436630009020,299775,C,77.4717897566433,True,False
55421377,District 25,City 17,2019-07-10,530262180302895033,299049,F,90.53250056553898,False,False
18991580,District 6,City 45,2021-08-18,126108629900650186,300905,C,55.70394873342384,True,False
62460121,District 33,City 7,2021-02-16,957520254400126096,300082,C,69.9408413786787,True,False
14287535,District 34,City 45,2021-04-01,573857018174341659,299266,D,100.0,True,False
32888238,District 16,City 45,2019-03-24,226813531071648622,299668,D,71.81479856940307,True,False
12676867,District 24,City 37,2020-04-24,682692043540816852,300529,E,92.41589885217851,True,False
92658344,District 13,City 32,2020-09-25,907883997398059683,300173,B,67.00339937088067,False,False
21264795,District 14,City 7,2021-11-16,242331074876451713,300885,D,60.9142427043286,True,False
92544703,District 34,City 47,2020-06-15,625085973313894995,299973,F,78.36656646126596,True,False
31691838,District 28,City 30,2020-03-21,927570080753750437,300749,C,72.60050688640877,True,False
43382961,District 2,City 29,2021-09-07,422675883822234326,300332,C,63.78247176372149,True,False
56700534,District 17,City 45,2019-03-21,535536003200410779,299349,F,88.82622920161143,True,False
76769586,District 4,City 10,2021-04-27,466968869510147359,299796,D,76.70835758849977,True,False
57348293,District 8,City 49,2019-03-06,512920826368591489,300180,F,96.0001418452782,True,False
40186434,District 7,City 45,2019-04-30,793585964905977844,300265,D,79.77602262852328,False,False
67012226,District 8,City 25,2020-06-12,638221123970315751,299887,D,76.08712883973905,False,False
30751481,District 7,City 15,2020-03-01,679700715862347435,299112,C,99.33170323695626,False,False
82014400,District 11,City 45,2019-06-10,141669686681758421,299312,D,87.53522310297657,True,False
73875566,District 11,City 59,2021-09-29,524421646753795024,300220,E,74.96607871165226,False,False
11281364,District 2,City 10,2020-10-28,593494858918277808,300193,C,82.0312222396861,True,False
69172748,District 16,City 34,2019-09-24,757438204100895634,300010,F,89.14956694204211,True,False
57728740,District 17,City 22,2021-05-02,472035921950674867,299795,E,100.0,True,False
34191335,District 3,City 53,2019-06-22,119339780652628325,299445,F,72.78994183279849,True,False
10305875,District 29,City 22,2020-02-10,896760324698129387,300731,F,76.29493305568417,True,False
28262169,District 29,City 54,2019-08-14,402964380511519685,301022,F,80.91540523132217,False,False
66100921,District 17,City 24,2020-11-20,975566955496187853,300148,C,94.32343065708181,False,False
67822823,District 8,City 9,2020-06-15,730236287619399158,299214,F,79.17374665712258,True,False
28402452,District 13,City 22,2020-09-18,590020719159387944,299374,F,78.79409100277547,True,False
28288679,District 8,City 49,2019-07-16,854542271592475893,299982,B,87.2999607445479,False,False
70535198,District 29,City 53,2021-09-22,435812226846767731,300269,F,69.70541911636717,False,False
78150885,District 4,City 15,2021-10-07,953191269060310147,299668,E,78.20702940061975,False,False
79519438,District 7,City 8,2020-04-28,100350434232388529,300090,C,69.01410039249299,True,False
24938305,District 27,City 38,2019-05-29,511031767620087531,299411,A,73.78856098832922,False,False
34751379,District 25,City 7,2019-10-29,953508415427260992,300191,E,97.68155843313622,True,True
44359830,District 19,City 45,2020-04-04,999308357045986796,300130,E,78.6593712119519,False,False
98612142,District 16,City 38,2021-02-03,183214284021187139,299469,B,92.33974799717522,True,False
16832814,District 25,City 19,2021-07-21,326425133979155375,299510,B,79.29913218640984,True,False
12418674,District 34,City 37,2019-05-20,385606811780474675,300421,F,74.11094939640535,True,False
60766872,District 7,City 6,2021-07-15,946117297798327016,300771,B,78.89424746206558,True,False
69074578,District 34,City 25,2019-01-18,851980748716356200,300400,F,88.23359276293627,True,False
38657974,District 2,City 22,2021-12-01,980833266869553006,300500,D,87.02889662250809,False,False
73275334,District 3,City 34,2019-05-29,526470902380576863,300547,D,71.53360463730455,True,False
42626889,District 31,City 25,2020-03-18,783225428154196595,298963,D,83.30510563312379,True,False
85840745,District 14,City 16,2021-06-27,731634879015541569,299975,E,64.10940267508823,True,True
13185386,District 4,City 59,2021-02-10,789144439723312735,300104,C,100.0,True,False
32698153,District 25,City 34,2021-11-30,392861438226811824,299125,B,86.44293620779855,False,False
50424973,District 33,City 57,2019-04-20,549884102972275564,299980,E,86.89339948434582,True,False
83383777,District 13,City 53,2019-03-26,378771374675709036,300392,F,74.28074413207463,False,False
26231513,District 25,City 9,2019-09-24,137394873078904696,300777,C,87.46637923264159,True,False
19554980,District 3,City 41,2019-08-09,557357764286826315,298709,B,65.9166085113634,False,False
22683699,District 21,City 9,2019-10-02,830878326064415834,300228,F,92.80358276814938,True,False
32543303,District 7,City 37,2021-04-02,231233113114863342,299363,F,83.00048200746443,True,False
78088513,District 33,City 45,2020-03-24,298094152755898598,300372,D,82.45789679306297,True,False
22023697,District 8,City 45,2019-07-31,732004443393799218,300508,B,72.884500924439,True,True
63885832,District 5,City 47,2021-01-30,411759887526384453,300418,B,82.57506781345708,True,False
24158664,District 19,City 45,2019-06-02,970138309193435868,300312,C,73.41085096949037,True,False
56835555,District 21,City 7,2020-09-18,847244534741481081,300583,C,74.31725780598269,False,True
17583651,District 8,City 9,2021-07-03,999684693382236787,299394,B,78.44072561383311,False,False
68650328,District 24,City 7,2021-03-19,322915663782578527,300134,F,76.98004250637322,True,False
26502655,District 16,City 15,2021-05-31,336677895308691467,299831,F,78.15327829095295,False,False
62462558,District 17,City 2,2020-09-07,158429611098927975,299250,E,92.24810370020082,True,False
63584960,District 20,City 22,2020-07-29,698311050559413248,299609,A,77.03471523763181,True,False
11464753,District 16,City 48,2019-08-23,240427480112139551,300114,D,89.31179547451447,False,False
77613007,District 13,City 32,2020-08-16,614290731406482279,300628,E,69.51858472085773,True,False
37837895,District 27,City 34,2019-09-06,862089057667510597,299200,D,92.04742434081473,True,False
86019405,District 7,City 45,2020-09-20,280787651328886550,299535,E,76.82282107125198,False,False
89945884,District 29,City 24,2020-02-26,816975187840247936,300586,A,69.43851640936984,False,False
78883088,District 8,City 32,2020-03-29,710277285457943394,299708,E,74.16969352656606,False,False
81691501,District 27,City 29,2019-04-20,166946725630500810,299579,C,82.35904976695599,True,False
22824215,District 24,City 9,2020-02-16,611833235197720848,299469,F,89.24284234127418,True,False
36365499,District 34,City 15,2019-10-24,177596174807923939,299824,B,75.43196154861404,True,False
89796976,District 25,City 22,2020-02-17,789583987532552399,299760,A,80.71927535501827,True,False
61114567,District 2,City 18,2021-04-15,922232188897825346,300010,D,79.29543361593463,True,False
26101838,District 11,City 19,2021-09-23,417589700111536826,300979,E,69.91569979904219,False,False
86737729,District 4,City 49,2019-03-22,789658698429175031,300268,B,100.0,True,False
75008750,District 25,City 43,2020-02-19,225763942310599923,300113,E,78.83091826852254,False,False
90230088,District 31,City 32,2021-06-09,972753013458906723,300645,C,68.06657075974688,False,False
76853872,District 4,City 9,2021-02-09,460457520950844539,300085,F,74.36862081511104,False,False
74949545,District 33,City 24,2021-05-07,108198545667887611,298547,E,78.07522171136766,True,False
87330968,District 7,City 29,2020-11-30,392911279531878892,301162,C,95.9400509115805,True,False
91776242,District 17,City 41,2020-04-12,832756655573189275,300987,B,79.38301255849672,False,False
49872866,District 2,City 18,2019-01-10,355966065559628195,300776,D,73.81270340579503,True,False
25225907,District 11,City 45,2020-10-15,791802272356069047,299409,E,70.51562915188117,False,False
32630948,District 21,City 23,2021-07-19,405329135529033242,299895,F,75.40132502850805,False,False
48614290,District 7,City 34,2021-03-08,115701165708644192,300679,D,54.54411703534531,False,False
15500506,District 25,City 48,2019-01-04,717941294379388415,298989,F,70.92789284713189,True,False
35524213,District 7,City 34,2021-10-22,344645381354297336,300479,C,73.81055249760765,True,False
19372240,District 16,City 45,2019-04-03,924646511683082974,299351,F,66.35579803396325,True,False
41628563,District 34,City 54,2021-03-27,915030598140127655,299010,E,84.16285714018275,False,False
52354572,District 11,City 32,2021-04-16,209244698900661392,301139,B,66.99676046982566,False,False
57262174,District 24,City 19,2019-09-14,224136101729573656,301105,F,83.53383578217966,True,False
70176255,District 17,City 47,2019-10-11,821080297404011476,299621,F,78.17059090541639,True,False
16292200,District 34,City 10,2021-12-17,406402944254629597,300516,B,82.49634359343317,True,False
72680744,District 13,City 7,2020-12-08,890951006949503631,299848,E,74.91042702070402,True,False
48700990,District 13,City 28,2021-05-21,161816291160639292,300918,B,86.27493749588804,True,False
29618088,District 2,City 13,2020-12-25,670467597168223939,300037,E,83.81075251707311,False,False
55012558,District 20,City 41,2020-07-08,232591316590438841,299665,D,87.66823962103452,True,False
54093545,District 17,City 34,2020-12-24,590901115974345618,300819,C,94.2998161222285,True,False
72462883,District 32,City 49,2021-07-22,981884944794785251,299051,B,79.76191376063434,True,False
98469540,District 7,City 39,2020-01-25,768133977718730327,300216,C,75.61408905726174,True,False
25258659,District 24,City 30,2019-07-04,607458561116784750,299926,E,77.02191118195667,True,False
83012525,District 19,City 22,2020-04-02,660930591560970313,299201,D,84.76617301666735,True,False
37191595,District 7,City 9,2021-08-22,120296918025233101,298897,F,85.0992543821345,True,False
11622543,District 2,City 15,2020-09-06,381761748540150271,300081,E,92.64843294365491,True,False
79133549,District 19,City 56,2021-12-03,706298947678391833,298451,F,98.87117742460924,False,False
57986376,District 3,City 36,2020-09-30,732247654871102910,300668,C,73.63525496756522,True,False
27380947,District 7,City 21,2021-05-01,930699525190778609,301146,D,88.62100465249114,False,False
59836339,District 14,City 48,2019-02-15,622734811322286981,300211,E,76.142100620985,True,False
66495563,District 4,City 20,2020-07-03,601648834066955420,299599,E,70.8856352193338,True,False
47619125,District 2,City 50,2020-12-20,527043018616977401,300200,C,76.15882454787453,True,False
93553568,District 24,City 20,2021-12-15,847205773233734318,300001,C,73.16266934995242,False,False
31916397,District 34,City 12,2020-06-23,497086978257049062,299919,A,82.76602281329053,True,False
75890014,District 29,City 24,2019-07-30,893602262444617094,299456,E,83.39652694087958,True,False
41285760,District 8,City 25,2020-10-26,837930086671188668,299806,D,96.44897049064113,True,False
91693634,District 19,City 52,2020-05-13,262601093183782181,299683,B,68.97159963515227,True,False
14003078,District 17,City 9,2019-03-15,997933891649046238,300107,B,67.83951481184667,False,False
39538989,District 28,City 17,2021-08-16,521284149673505378,300655,C,68.75010907591529,False,True
98441791,District 21,City 37,2019-09-06,889812136091038435,299850,F,70.28723031663617,False,False
74469611,District 6,City 40,2021-01-22,673238222274691029,300474,C,82.66049955563665,True,False
87492320,District 6,City 20,2021-12-27,873850453583536117,300124,A,83.84125772176806,True,False
91618968,District 34,City 47,2019-03-14,202688781816530525,300040,F,84.21266909470833,True,False
12845917,District 25,City 49,2019-01-01,740665575173792856,300390,D,74.0914782701717,False,False
25554445,District 17,City 14,2019-09-27,931309068550341498,300528,F,86.89774996555634,True,False
47117379,District 34,City 2,2021-09-12,513453736777081134,299019,F,77.61644334617155,True,False
69339440,District 4,City 17,2020-03-14,671429082301092130,300444,D,92.41935059260103,True,False
66774948,District 1,City 17,2021-10-09,362944409432460486,299791,F,66.9859232586958,False,False
62096486,District 7,City 39,2019-04-21,787617271118538876,300662,D,84.80294611073711,True,False
32448880,District 7,City 17,2021-11-23,926415855882742616,300543,E,83.8441464342177,True,False
29520094,District 2,City 18,2019-07-24,825654515242331241,300074,C,78.00358467964955,True,False
39143755,District 4,City 18,2019-09-01,696348707041950533,300002,F,81.08542199084802,False,False
74867943,District 34,City 12,2019-03-07,472943592256647862,299383,F,100.0,True,False
67913174,District 30,City 25,2020-01-23,427431493674450165,300067,B,89.64475279315336,False,False
34694455,District 8,City 28,2021-11-09,283845937797036818,299403,C,87.18513067476164,False,False
17449421,District 6,City 17,2019-06-08,926793813797943330,300052,E,76.75205106314175,True,False
47117794,District 7,City 28,2021-04-23,762325688698805645,298794,F,81.88324427685235,True,False
33313130,District 21,City 30,2020-08-04,280857312749053673,300638,F,80.32528488213684,False,False
53629503,District 12,City 7,2021-03-03,695669003026817610,299381,F,55.643555564131645,False,False
44998999,District 34,City 55,2021-02-02,216758352505095614,299687,F,90.42266286450115,False,False
82784145,District 14,City 59,2020-10-12,290312006813763051,300244,E,90.1503722053536,True,False
90077601,District 23,City 47,2020-03-12,609017475996674791,300117,D,69.16634243570418,False,False
31282241,District 32,City 55,2021-05-29,196772274053924416,300531,E,83.7755290209175,True,False
82776488,District 13,City 25,2021-06-16,465180495635592063,300040,E,74.41180687840176,True,False
64169164,District 27,City 9,2020-07-22,904180225530908621,299777,B,74.09720138093533,True,False
47627634,District 6,City 22,2020-10-27,698816679804870762,300023,D,89.21418765117365,False,False
34706499,District 34,City 23,2020-11-03,480396323663446178,300177,F,86.11292079375129,False,False
28894676,District 7,City 10,2019-02-27,781257956360423338,300031,E,61.10527896837222,False,False
65411701,District 2,City 23,2020-08-01,170596882270225730,299551,C,73.56680055526549,True,False
83466602,District 7,City 19,2021-07-18,509372319438564517,299536,B,96.34526585626193,True,False
84499756,District 34,City 59,2020-02-10,171714804953373163,299775,E,81.17056460016671,True,False
38932770,District 29,City 35,2020-10-24,864103975320113019,299659,F,79.45661075496142,True,False
91185776,District 25,City 28,2020-03-08,775512490568853263,299940,F,70.82020100354191,True,False
81007845,District 8,City 10,2019-02-27,655757938634916734,300745,D,71.08002750628677,False,False
11922798,District 33,City 18,2021-10-06,352497610536866406,300088,D,81.01217392472441,True,False
19732868,District 24,City 34,2020-03-08,100748888021214092,300666,C,57.12420737237594,True,False
59693728,District 23,City 58,2021-02-16,212084659865133503,299331,E,81.7883648294208,True,False
89964361,District 7,City 33,2020-01-04,952048798090215996,299368,D,88.1065141665818,True,False
91064130,District 3,City 23,2019-12-31,862202568541663135,298775,F,78.54212151461329,False,False
16197383,District 21,City 24,2020-08-22,833643516435550316,300404,A,83.1350912875796,True,False
45197815,District 21,City 47,2021-10-30,912266061535417586,299902,C,69.50448666265694,True,False
31560709,District 2,City 28,2019-12-13,285645560023054746,300559,F,73.33098672521092,True,False
73765555,District 24,City 13,2020-10-23,170799017871553445,300304,D,79.28234467576233,True,False
11041294,District 6,City 43,2020-02-15,120177878794865690,300390,B,72.4159323369361,True,False
89823048,District 17,City 56,2020-09-28,511029427817961679,300583,E,80.15234671582964,False,False
12582989,District 21,City 30,2021-07-20,278832595740158242,299839,C,64.28140416131315,False,False
36704001,District 13,City 37,2020-01-24,414023755258061088,300031,F,85.92851099308943,True,False
34838612,District 7,City 22,2019-01-05,202248756720801125,298154,E,85.63390819515001,True,False
65144329,District 28,City 22,2021-07-16,107946771600949801,299863,D,81.3468681946277,True,False
86758088,District 6,City 53,2021-11-12,624476079507586551,299193,F,72.10573404149571,True,False
30874634,District 12,City 24,2020-12-26,977438999075056200,299342,F,58.683399378106344,False,False
48131941,District 6,City 48,2020-03-21,111599701306296833,298946,E,58.77328481237773,True,False
12716682,District 21,City 45,2021-08-01,782443517139823507,300159,F,95.67810612702857,True,False
75344073,District 28,City 10,2020-10-15,428901423623004964,300124,B,81.79391009197141,False,False
46087846,District 35,City 32,2021-07-29,390135838800867942,300219,D,62.300044741259065,False,False
98507584,District 28,City 29,2020-05-12,324653137732701469,300122,C,73.86516912649405,True,False
24085571,District 7,City 7,2020-06-14,371473555569729454,299319,F,85.50143660265506,False,False
68725565,District 7,City 54,2019-09-11,350602851182552980,300175,E,59.654866151888875,True,True
41344259,District 13,City 9,2021-09-18,823345191042477433,300873,F,100.0,True,False
39593883,District 27,City 2,2021-03-23,395794031185985084,300842,F,88.14233424182599,False,False
84974530,District 34,City 18,2021-06-22,621149723754071162,300464,E,71.82108476972229,True,False
38267651,District 7,City 34,2021-06-06,202729228380147608,300689,A,77.67156087482061,True,False
72916167,District 12,City 13,2021-10-15,648089439458441900,299273,C,72.32922430666332,True,False
99406253,District 24,City 7,2019-08-16,691187054831957162,300340,C,87.23425482837246,True,False
71053800,District 7,City 12,2019-07-18,559224121947294227,300025,F,74.75518945265458,True,False
24800089,District 8,City 53,2020-10-04,758354852241926324,299908,B,76.67491769717232,True,False
49976357,District 18,City 22,2019-03-29,309702510447693852,299210,A,94.56878918898651,True,False
76572308,District 24,City 20,2019-08-07,268525785584843134,300327,F,83.73112530922774,True,False
54464685,District 25,City 52,2021-03-03,509197739803833572,300494,B,79.12820246678805,True,False
13519548,District 7,City 34,2021-10-03,882058096639009038,299718,D,69.13776990348865,False,False
45002699,District 14,City 41,2019-07-05,938363240055362547,300690,C,77.86223681939705,True,False
58257294,District 13,City 9,2019-02-28,707787394626557698,299088,E,85.32475517675206,False,False
33655201,District 29,City 41,2019-07-25,167623101660980554,300918,D,72.46131553358978,False,False
59440530,District 7,City 13,2019-06-14,854755139235340564,300569,E,59.17227116516899,True,False
76886683,District 27,City 17,2021-09-29,646515607514950773,299951,A,85.96997978015831,False,False
60694849,District 8,City 11,2019-12-23,907573874596941064,300391,E,82.71136686103301,False,False
87780160,District 14,City 15,2021-07-27,726360271376599410,298785,F,85.10493296210011,False,False
48012922,District 28,City 9,2020-03-08,387247305559826660,300424,F,76.48368443082855,True,False
45739129,District 8,City 34,2021-05-30,531626995415598388,300250,C,67.99642382869416,True,False
39381441,District 2,City 15,2020-03-29,954593033763199897,299181,E,78.23327101698766,True,False
71539102,District 6,City 29,2021-06-21,178593774978251709,300258,B,87.4353555599018,True,False
81731491,District 6,City 29,2019-12-22,935664377109939355,299732,F,76.77075884042394,True,False
37248588,District 4,City 48,2021-08-01,201280466785402058,301108,F,86.07083218359547,True,False
54690288,District 7,City 30,2020-07-01,229824235101120990,300151,E,93.42382497335984,True,False
38164944,District 25,City 45,2020-04-17,517343441578059809,299462,F,100.0,True,False
29092625,District 17,City 12,2020-11-13,225096104385266765,299141,F,86.06610979620272,False,False
69614957,District 8,City 45,2019-09-03,307279025576782119,300744,C,58.543667719470605,True,True
28010494,District 35,City 35,2021-12-13,354516779038552238,300504,E,80.10693755721945,True,False
48979477,District 4,City 12,2019-01-14,992608702824522523,299828,D,84.05833627203538,True,False
97777583,District 29,City 17,2021-01-11,674434844702768869,299689,A,72.36828684679469,True,False
59085037,District 24,City 32,2020-05-26,368121048011315661,299595,E,83.46903025325736,True,False
16461276,District 2,City 35,2021-10-29,957133294561998615,299360,C,83.92936631715459,True,False
50052206,District 27,City 53,2020-05-17,570549875685043057,300371,E,71.5892978731416,False,False
74570604,District 7,City 22,2021-06-13,798866321846250409,301243,B,72.91341260657845,True,False
25167257,District 8,City 18,2020-05-12,993906392110311513,300370,B,93.48633277576535,True,True
48009437,District 15,City 34,2020-07-31,460728432561687979,300582,E,92.28625870585856,False,False
87373771,District 11,City 9,2020-05-30,972498456195497237,300106,E,75.12881238484421,True,False
48658021,District 8,City 30,2019-08-23,489111469431286164,299459,F,82.2631401328076,True,False
46681103,District 34,City 9,2021-07-17,547433532380329612,299171,C,85.9034950011889,True,False
66277724,District 24,City 25,2021-05-01,604911545409990731,300538,E,84.36497925574365,True,False
69192439,District 3,City 45,2021-04-06,177645819859894750,299181,B,79.86267689745107,True,False
12800730,District 32,City 37,2019-10-10,494108700217370181,300507,E,62.195977252979844,True,False
30762024,District 25,City 25,2019-06-19,999407737860768849,300932,E,90.23188022029781,True,False
20992539,District 29,City 47,2020-12-01,409929049162194460,299994,F,85.222571484599,False,False
30322133,District 19,City 38,2019-05-23,878758564114349856,300046,E,76.19673986410967,True,False
81382987,District 7,City 10,2019-03-25,861360896044159373,299335,D,100.0,True,False
76762728,District 21,City 52,2019-07-01,931706404957102759,299734,F,84.92018814626493,True,False
39789291,District 8,City 30,2020-12-06,864436355360233225,299942,B,82.3089669317772,True,False
78004265,District 29,City 1,2021-07-20,547408067307619828,300171,C,75.69950796796785,True,False
60580502,District 34,City 54,2020-02-10,667840901882978550,301205,C,69.61175037763627,True,False
95178609,District 7,City 10,2021-04-10,221114494615695039,299165,F,75.21515781274104,True,False
97175037,District 7,City 30,2021-12-09,867580977797623683,299667,E,79.01235302056683,True,False
64043021,District 7,City 18,2021-06-04,660847673800777389,299767,D,88.62467990240609,True,False
27107190,District 34,City 55,2020-09-24,467953947792823325,299102,F,81.91211586317688,True,True
68138858,District 27,City 21,2021-04-02,175175687865762436,300204,D,70.9129262216033,True,False
86881112,District 14,City 17,2020-03-26,650827775102526257,299955,C,87.10086095890023,True,False
33136143,District 27,City 22,2019-06-29,689217476328619211,299767,D,94.65819789295742,False,False
46509646,District 21,City 10,2020-12-15,255529794398497937,300311,F,63.34720605185329,False,False
75864669,District 21,City 12,2021-02-21,359495464375563601,300017,E,95.14906183534421,True,False
17696055,District 24,City 14,2019-03-03,936474469905183264,299296,E,86.44012410485898,True,False
82796304,District 17,City 49,2019-04-28,664003695649989360,300883,E,86.42200195950477,True,False
71182407,District 33,City 15,2021-09-15,789333730791166888,299891,F,92.5500773707667,True,False
76474008,District 34,City 9,2020-07-27,108328061171147099,300254,C,73.55117889710162,True,False
24106094,District 2,City 15,2021-12-24,631630923884772221,300170,E,79.41967662108395,False,False
79055051,District 34,City 9,2021-09-16,542359310783286063,299745,D,76.54910874519919,True,False
29365261,District 34,City 59,2020-08-09,683643777995578264,299840,F,81.00010168172533,False,False
73021863,District 1,City 22,2020-12-30,737665645883103787,300278,B,90.45777332128105,True,False
26820264,District 17,City 20,2021-11-05,242937461236163802,299681,F,71.69924294972313,True,False
87672277,District 24,City 30,2019-12-21,728657585684354758,299667,F,56.97408705767124,False,False
16479931,District 33,City 11,2019-11-18,119839390691658996,300627,F,76.81999359237788,True,False
57672133,District 31,City 8,2019-09-21,202214250208475350,300707,F,69.44765842579017,True,True
51979061,District 7,City 17,2020-05-18,223170965863042868,299964,E,83.11658437980213,True,False
20041207,District 7,City 32,2021-02-24,358452773416545828,300201,E,59.975869478398565,True,False
38477617,District 7,City 34,2019-07-15,898872084869461035,299769,C,81.02164790016504,True,False
92601055,District 19,City 18,2020-06-24,174877503539715556,299603,F,85.1910162419012,True,False
86373509,District 19,City 11,2019-07-02,948670297732835379,300297,E,79.61574686011531,True,False
97371249,District 17,City 54,2019-11-02,376106359805625427,300630,D,75.24289663155632,True,False
66408716,District 2,City 32,2020-03-28,153644865776797245,299410,E,86.44271752316995,True,False
80073442,District 28,City 47,2021-02-25,395005780864205812,299817,D,60.193607468126665,True,False
